File	ITS1	5.8S	ITS2	Full_ITS	Notes
ITS1DB00001717	812	150	5	NA	LSU-missing
ITS1DB00001744	853	65	1	NA	LSU-missing
ITS1DB00001753	843	65	1	NA	LSU-missing
ITS1DB00008040	NA	NA	NA	NA	NA
ITS1DB00010679	628	149	1	NA	LSU-missing
ITS1DB00012917	849	151	1	NA	LSU-missing
ITS1DB00012919	669	151	1	NA	LSU-missing
ITS1DB00014389	1672	146	1	NA	SSU-missing,LSU-missing
ITS1DB00015264	NA	NA	NA	NA	SSU_dup
ITS1DB00015871	974	152	2	NA	LSU-missing
ITS1DB00016823	740	150	1	NA	LSU-missing
ITS1DB00016988	717	114	1	NA	LSU-missing
ITS1DB00016989	814	102	1	NA	LSU-missing
ITS1DB00016990	840	114	1	NA	LSU-missing
ITS1DB00016992	730	114	1	NA	LSU-missing
ITS1DB00017911	1111	152	2	NA	LSU-missing
ITS1DB00019045	2642	150	1	NA	LSU-missing
ITS1DB00019055	2496	151	1	NA	LSU-missing
ITS1DB00020864	928	151	1	NA	LSU-missing
ITS1DB00023170	882	150	1	NA	LSU-missing
ITS1DB00023208	1555	145	1	NA	SSU-missing,LSU-missing
ITS1DB00024160	996	150	1	NA	LSU-missing
ITS1DB00024445	NA	NA	NA	NA	NA
ITS1DB00025678	622	150	1	NA	LSU-missing
ITS1DB00027738	1004	151	1	NA	LSU-missing
ITS1DB00028508	819	151	1	NA	LSU-missing
ITS1DB00028510	873	151	1	NA	LSU-missing
ITS1DB00028512	888	151	1	NA	LSU-missing
ITS1DB00028514	1015	151	1	NA	LSU-missing
ITS1DB00028516	891	151	1	NA	LSU-missing
ITS1DB00028569	796	151	1	NA	LSU-missing
ITS1DB00028572	802	144	1	NA	SSU-missing,LSU-missing
ITS1DB00028911	1364	145	1	NA	SSU-missing,LSU-missing
ITS1DB00029380	1690	151	1	NA	LSU-missing
ITS1DB00029816	926	150	1	NA	LSU-missing
ITS1DB00031045	888	151	1	NA	LSU-missing
ITS1DB00034110	801	151	1	NA	LSU-missing
ITS1DB00035617	781	154	7	NA	SSU-missing,LSU-missing
ITS1DB00035620	774	154	7	NA	SSU-missing,LSU-missing
ITS1DB00035623	782	154	7	NA	SSU-missing,LSU-missing
ITS1DB00035624	782	154	7	NA	SSU-missing,LSU-missing
ITS1DB00035996	835	151	1	NA	LSU-missing
ITS1DB00037420	1009	25	1	NA	LSU-missing
ITS1DB00037421	NA	NA	NA	NA	NA
ITS1DB00037682	952	150	1	NA	SSU-missing,LSU-missing
ITS1DB00039172	-1148	154	996	NA	LSU-missing
ITS1DB00039807	1562	151	1	NA	LSU-missing
ITS1DB00040157	845	151	1	NA	SSU-missing,LSU-missing
ITS1DB00040911	1415	150	1	NA	LSU-missing
ITS1DB00042200	1040	47	1	NA	LSU-missing
ITS1DB00042203	1041	48	1	NA	LSU-missing
ITS1DB00044556	1300	150	1	NA	LSU-missing
ITS1DB00045060	1381	145	1	NA	SSU-missing,LSU-missing
ITS1DB00045539	764	150	1	NA	LSU-missing
ITS1DB00045834	710	91	1	NA	LSU-missing
ITS1DB00046531	NA	NA	NA	NA	NA
ITS1DB00046594	717	151	1	NA	LSU-missing
ITS1DB00046596	716	151	1	NA	LSU-missing
ITS1DB00048807	668	151	1	NA	LSU-missing
ITS1DB00049649	NA	NA	NA	NA	NA
ITS1DB00052669	NA	NA	NA	NA	NA
ITS1DB00052895	1235	145	1	NA	SSU-missing,LSU-missing
ITS1DB00052896	1255	145	1	NA	SSU-missing,LSU-missing
ITS1DB00054459	1249	150	1	NA	LSU-missing
ITS1DB00055244	841	65	1	NA	LSU-missing
ITS1DB00056078	766	147	1	NA	SSU-missing,LSU-missing
ITS1DB00057614	894	148	1	NA	LSU-missing
ITS1DB00057722	968	150	1	NA	SSU-missing,LSU-missing
ITS1DB00057843	674	154	2	NA	LSU-missing
ITS1DB00057845	666	154	2	NA	LSU-missing
ITS1DB00057894	1076	155	1	NA	LSU-missing
ITS1DB00059834	870	155	4	NA	LSU-missing
ITS1DB00060616	NA	NA	NA	NA	NA
ITS1DB00061972	879	150	1	NA	LSU-missing
ITS1DB00063010	NA	NA	NA	NA	NA
ITS1DB00063473	NA	NA	NA	NA	NA
ITS1DB00063477	NA	NA	NA	NA	NA
ITS1DB00063478	NA	NA	NA	NA	NA
ITS1DB00066071	710	150	1	NA	LSU-missing
ITS1DB00066080	765	150	1	NA	LSU-missing
ITS1DB00066815	637	153	46	NA	LSU-missing
ITS1DB00068348	889	55	1	NA	LSU-missing
ITS1DB00068628	727	150	1	NA	LSU-missing
ITS1DB00069152	853	65	1	NA	LSU-missing
ITS1DB00071987	1038	83	1	NA	LSU-missing
ITS1DB00072006	761	91	1	NA	LSU-missing
ITS1DB00072338	NA	NA	NA	NA	NA
ITS1DB00073396	947	76	1	NA	SSU-missing,LSU-missing
ITS1DB00074106	1126	145	1	NA	LSU-missing
ITS1DB00074144	1130	145	1	NA	LSU-missing
ITS1DB00076035	984	152	151	NA	SSU-missing,LSU-missing
ITS1DB00076036	973	152	151	NA	SSU-missing,LSU-missing
ITS1DB00077001	741	150	1	NA	LSU-missing
ITS1DB00078067	1233	150	1	NA	LSU-missing
ITS1DB00078856	1127	145	1	NA	LSU-missing
ITS1DB00078997	1127	145	1	NA	LSU-missing
ITS1DB00079262	706	150	1	NA	LSU-missing
ITS1DB00079264	654	150	1	NA	LSU-missing
ITS1DB00080243	715	155	1	NA	LSU-missing
ITS1DB00080592	1507	49	1	NA	LSU-missing
ITS1DB00081395	2763	151	1	NA	LSU-missing
ITS1DB00081396	804	150	1	NA	SSU-missing,LSU-missing
ITS1DB00081425	888	150	1	NA	LSU-missing
ITS1DB00083387	1072	150	1	NA	LSU-missing
ITS1DB00084009	798	154	8	NA	LSU-missing
ITS1DB00084010	784	150	1	NA	LSU-missing
ITS1DB00084013	798	154	8	NA	LSU-missing
ITS1DB00089652	1031	67	1	NA	LSU-missing
ITS1DB00089825	817	114	1	NA	LSU-missing
ITS1DB00089827	774	114	1	NA	LSU-missing
ITS1DB00089835	814	114	1	NA	LSU-missing
ITS1DB00091548	727	150	1	NA	LSU-missing
ITS1DB00091772	773	154	1	NA	LSU-missing
ITS1DB00095310	1260	145	1	NA	SSU-missing,LSU-missing
ITS1DB00095312	1531	145	1	NA	SSU-missing,LSU-missing
ITS1DB00095314	1256	145	1	NA	SSU-missing,LSU-missing
ITS1DB00095315	1261	145	1	NA	SSU-missing,LSU-missing
ITS1DB00095317	1808	145	1	NA	SSU-missing,LSU-missing
ITS1DB00095889	1397	145	1	NA	SSU-missing,LSU-missing
ITS1DB00095990	603	152	8	NA	LSU-missing
ITS1DB00097710	1321	67	1	NA	SSU-missing,LSU-missing
ITS1DB00097712	1321	67	1	NA	SSU-missing,LSU-missing
ITS1DB00098073	737	150	1	NA	LSU-missing
ITS1DB00099695	923	150	1	NA	LSU-missing
ITS1DB00100642	734	152	1	NA	LSU-missing
ITS1DB00100644	711	152	1	NA	LSU-missing
ITS1DB00100646	722	152	1	NA	LSU-missing
ITS1DB00102247	797	60	1	NA	LSU-missing
ITS1DB00102829	784	114	1	NA	LSU-missing
ITS1DB00102919	752	150	1	NA	LSU-missing
ITS1DB00102922	643	150	1	NA	LSU-missing
ITS1DB00104760	1360	145	1	NA	SSU-missing,LSU-missing
ITS1DB00105219	809	152	1	NA	LSU-missing
ITS1DB00105229	809	152	1	NA	LSU-missing
ITS1DB00105237	809	152	1	NA	LSU-missing
ITS1DB00107206	649	150	1	NA	LSU-missing
ITS1DB00107466	948	151	1	NA	LSU-missing
ITS1DB00108157	857	119	1	NA	LSU-missing
ITS1DB00108754	848	65	1	NA	LSU-missing
ITS1DB00114807	1624	151	1	NA	LSU-missing
ITS1DB00116478	716	150	1	NA	LSU-missing
ITS1DB00116656	NA	NA	NA	NA	NA
ITS1DB00118570	1144	156	1	NA	LSU-missing
ITS1DB00120537	736	155	99	NA	LSU-missing
ITS1DB00122360	NA	NA	NA	NA	NA
ITS1DB00124263	897	152	2	NA	LSU-missing
ITS1DB00125249	1489	152	1	NA	LSU-missing
ITS1DB00131744	735	150	1	NA	LSU-missing
ITS1DB00131982	NA	NA	NA	NA	NA
ITS1DB00135164	1469	54	1	NA	LSU-missing
ITS1DB00136452	950	151	1	NA	LSU-missing
ITS1DB00139478	853	65	1	NA	LSU-missing
ITS1DB00140033	845	65	1	NA	LSU-missing
ITS1DB00140894	815	73	1	NA	LSU-missing
ITS1DB00142371	863	146	1	NA	SSU-missing,LSU-missing
ITS1DB00143069	778	114	1	NA	LSU-missing
ITS1DB00143073	734	114	1	NA	LSU-missing
ITS1DB00143074	736	114	1	NA	LSU-missing
ITS1DB00143427	639	150	1	NA	LSU-missing
ITS1DB00143954	816	150	1	NA	LSU-missing
ITS1DB00146941	NA	NA	NA	NA	NA
ITS1DB00147543	NA	NA	NA	NA	NA
ITS1DB00150856	788	150	1	NA	LSU-missing
ITS1DB00151604	831	43	1	NA	LSU-missing
ITS1DB00151631	786	150	1	NA	LSU-missing
ITS1DB00152358	693	119	1	NA	LSU-missing
ITS1DB00153505	1262	145	1	NA	SSU-missing,LSU-missing
ITS1DB00154756	1373	145	1	NA	SSU-missing,LSU-missing
ITS1DB00156634	NA	NA	NA	NA	NA
ITS1DB00157708	1368	145	1	NA	SSU-missing,LSU-missing
ITS1DB00162201	1097	150	1	NA	SSU-missing,LSU-missing
ITS1DB00167238	747	151	1	NA	LSU-missing
ITS1DB00167964	1077	151	1	NA	LSU-missing
ITS1DB00169086	617	150	1	NA	LSU-missing
ITS1DB00177087	636	134	1	NA	LSU-missing
ITS1DB00181018	694	114	1	NA	LSU-missing
ITS1DB00181024	877	114	1	NA	LSU-missing
ITS1DB00181303	618	150	1	NA	LSU-missing
ITS1DB00182767	1693	151	1	NA	LSU-missing
ITS1DB00182794	2486	151	1	NA	LSU-missing
ITS1DB00183791	827	150	1	NA	LSU-missing
ITS1DB00183984	737	150	1	NA	LSU-missing
ITS1DB00184880	988	49	1	NA	LSU-missing
ITS1DB00184884	994	49	1	NA	LSU-missing
ITS1DB00185072	757	151	1	NA	LSU-missing
ITS1DB00185074	737	155	99	NA	LSU-missing
ITS1DB00185487	NA	NA	NA	NA	NA
ITS1DB00187270	NA	NA	NA	NA	NA
ITS1DB00187800	1098	150	1	NA	LSU-missing
ITS1DB00188006	755	152	6	NA	LSU-missing
ITS1DB00188008	756	152	6	NA	LSU-missing
ITS1DB00190832	753	150	-768	134	NA
ITS1DB00195608	768	154	7	NA	SSU-missing,LSU-missing
ITS1DB00195609	767	154	7	NA	SSU-missing,LSU-missing
ITS1DB00195610	768	154	7	NA	SSU-missing,LSU-missing
ITS1DB00195611	768	154	7	NA	SSU-missing,LSU-missing
ITS1DB00195612	768	154	7	NA	SSU-missing,LSU-missing
ITS1DB00195613	768	154	7	NA	SSU-missing,LSU-missing
ITS1DB00195614	769	154	7	NA	SSU-missing,LSU-missing
ITS1DB00195615	768	154	7	NA	SSU-missing,LSU-missing
ITS1DB00195617	767	154	7	NA	SSU-missing,LSU-missing
ITS1DB00196892	948	48	1	NA	LSU-missing
ITS1DB00198130	654	152	2	NA	LSU-missing
ITS1DB00199852	879	155	4	NA	LSU-missing
ITS1DB00202885	1058	49	1	NA	LSU-missing
ITS1DB00204762	915	154	1	NA	LSU-missing
ITS1DB00206294	1015	150	1	NA	LSU-missing
ITS1DB00206412	660	119	1	NA	LSU-missing
ITS1DB00207446	748	150	1	NA	LSU-missing
ITS1DB00208712	752	150	1	NA	LSU-missing
ITS1DB00208713	752	150	1	NA	LSU-missing
ITS1DB00208714	752	150	1	NA	LSU-missing
ITS1DB00208715	753	150	1	NA	LSU-missing
ITS1DB00209060	760	152	7	NA	LSU-missing
ITS1DB00209064	930	152	7	NA	LSU-missing
ITS1DB00210054	NA	NA	NA	NA	NA
ITS1DB00210653	2280	150	1	NA	SSU-missing,LSU-missing
ITS1DB00210654	993	150	1	NA	SSU-missing,LSU-missing
ITS1DB00210656	4237	150	1	NA	LSU-missing
ITS1DB00213889	1244	24	1	NA	LSU-missing
ITS1DB00217232	644	151	1	NA	LSU-missing
ITS1DB00218342	614	152	6	NA	LSU-missing
ITS1DB00219096	933	89	1	NA	LSU-missing
ITS1DB00219730	866	150	1	NA	LSU-missing
ITS1DB00219732	948	149	1	NA	SSU-missing,LSU-missing
ITS1DB00223007	1436	150	1	NA	LSU-missing
ITS1DB00224446	NA	NA	NA	NA	NA
ITS1DB00229817	966	150	1	NA	LSU-missing
ITS1DB00230336	811	155	1	NA	LSU-missing
ITS1DB00232901	1234	145	1	NA	SSU-missing,LSU-missing
ITS1DB00232902	1234	145	1	NA	SSU-missing,LSU-missing
ITS1DB00232903	1289	145	1	NA	SSU-missing,LSU-missing
ITS1DB00232942	NA	NA	NA	NA	NA
ITS1DB00235121	832	150	1	NA	LSU-missing
ITS1DB00238421	694	150	1	NA	LSU-missing
ITS1DB00238515	866	149	1	NA	LSU-missing
ITS1DB00240698	NA	NA	NA	NA	NA
ITS1DB00240699	NA	NA	NA	NA	NA
ITS1DB00240700	NA	NA	NA	NA	NA
ITS1DB00240701	NA	NA	NA	NA	NA
ITS1DB00241370	732	152	1	NA	LSU-missing
ITS1DB00241376	1371	155	1	NA	LSU-missing
ITS1DB00241377	2001	57	1	NA	LSU-missing
ITS1DB00243920	1081	152	2	NA	LSU-missing
ITS1DB00244661	2614	151	1	NA	LSU-missing
ITS1DB00244669	2631	151	1	NA	LSU-missing
ITS1DB00244670	1159	145	1	NA	SSU-missing,LSU-missing
ITS1DB00247422	780	145	1	NA	SSU-missing,LSU-missing
ITS1DB00247999	1237	145	1	NA	SSU-missing,LSU-missing
ITS1DB00248013	714	150	1	NA	LSU-missing
ITS1DB00249305	805	154	6	NA	LSU-missing
ITS1DB00251967	1884	49	1	NA	LSU-missing
ITS1DB00253690	871	155	1	NA	LSU-missing
ITS1DB00258530	715	151	1	NA	LSU-missing
ITS1DB00258539	715	151	1	NA	LSU-missing
ITS1DB00258541	715	151	1	NA	LSU-missing
ITS1DB00261396	3000	150	1	NA	LSU-missing
ITS1DB00261400	3023	150	1	NA	LSU-missing
ITS1DB00261408	3008	150	1	NA	LSU-missing
ITS1DB00261673	872	150	1	NA	LSU-missing
ITS1DB00262074	1250	95	1	NA	LSU-missing
ITS1DB00262076	1246	95	1	NA	LSU-missing
ITS1DB00262078	1247	95	1	NA	LSU-missing
ITS1DB00262080	1250	95	1	NA	LSU-missing
ITS1DB00262081	NA	NA	NA	NA	NA
ITS1DB00262083	1251	95	1	NA	LSU-missing
ITS1DB00262085	1249	95	1	NA	LSU-missing
ITS1DB00262087	1248	95	1	NA	LSU-missing
ITS1DB00262089	1129	95	1	NA	LSU-missing
ITS1DB00262316	1381	145	1	NA	SSU-missing,LSU-missing
ITS1DB00262318	1371	145	1	NA	SSU-missing,LSU-missing
ITS1DB00263029	753	150	1	NA	LSU-missing
ITS1DB00263030	753	150	1	NA	LSU-missing
ITS1DB00263031	753	150	1	NA	LSU-missing
ITS1DB00263032	753	150	1	NA	LSU-missing
ITS1DB00263033	753	150	1	NA	LSU-missing
ITS1DB00263034	753	150	1	NA	LSU-missing
ITS1DB00264614	1126	145	1	NA	LSU-missing
ITS1DB00266805	770	125	1	NA	LSU-missing
ITS1DB00267060	NA	NA	NA	NA	NA
ITS1DB00267187	NA	NA	NA	NA	NA
ITS1DB00270672	NA	NA	NA	NA	NA
ITS1DB00270675	NA	NA	NA	NA	NA
ITS1DB00271329	654	148	1	NA	LSU-missing
ITS1DB00274932	1858	152	1	NA	LSU-missing
ITS1DB00275558	752	150	1	NA	LSU-missing
ITS1DB00276008	947	73	1	NA	LSU-missing
ITS1DB00276013	960	72	1	NA	LSU-missing
ITS1DB00277452	1175	155	2	NA	LSU-missing
ITS1DB00277579	915	154	1	NA	LSU-missing
ITS1DB00279363	710	150	1	NA	LSU-missing
ITS1DB00282840	728	155	99	NA	LSU-missing
ITS1DB00282842	737	155	99	NA	LSU-missing
ITS1DB00282845	738	155	99	NA	LSU-missing
ITS1DB00282847	728	155	99	NA	LSU-missing
ITS1DB00282851	737	155	99	NA	LSU-missing
ITS1DB00282853	737	155	99	NA	LSU-missing
ITS1DB00283616	772	152	6	NA	LSU-missing
ITS1DB00286006	NA	NA	NA	NA	NA
ITS1DB00286925	958	152	2	NA	LSU-missing
ITS1DB00287636	885	150	1	NA	LSU-missing
ITS1DB00289062	646	150	1	NA	LSU-missing
ITS1DB00290109	713	151	1	NA	LSU-missing
ITS1DB00290195	1127	151	1	NA	LSU-missing
ITS1DB00290788	NA	NA	NA	NA	NA
ITS1DB00290789	NA	NA	NA	NA	NA
ITS1DB00293460	961	152	151	NA	LSU-missing
ITS1DB00294089	NA	NA	NA	NA	NA
ITS1DB00296035	1470	57	1	NA	LSU-missing
ITS1DB00296691	2573	112	1	NA	LSU-missing
ITS1DB00298754	756	107	1	NA	LSU-missing
ITS1DB00299143	894	148	1	NA	LSU-missing
ITS1DB00302453	NA	NA	NA	NA	NA
ITS1DB00302718	NA	NA	NA	NA	NA
ITS1DB00305380	787	150	1	NA	LSU-missing
ITS1DB00306019	820	150	1	NA	LSU-missing
ITS1DB00308379	982	152	2	NA	LSU-missing
ITS1DB00308391	649	152	2	NA	LSU-missing
ITS1DB00310638	NA	NA	NA	NA	NA
ITS1DB00310647	1127	151	1	NA	LSU-missing
ITS1DB00310650	1127	151	1	NA	LSU-missing
ITS1DB00313543	1137	149	1	NA	SSU-missing,LSU-missing
ITS1DB00313552	1139	149	1	NA	SSU-missing,LSU-missing
ITS1DB00314954	892	155	1	NA	LSU-missing
ITS1DB00315163	1238	145	1	NA	SSU-missing,LSU-missing
ITS1DB00315164	1231	145	1	NA	SSU-missing,LSU-missing
ITS1DB00315316	823	150	1	NA	SSU-missing,LSU-missing
ITS1DB00316568	1459	155	1	NA	LSU-missing
ITS1DB00316939	2610	151	1	NA	LSU-missing
ITS1DB00317139	753	150	1	NA	LSU-missing
ITS1DB00318777	762	154	7	NA	SSU-missing,LSU-missing
ITS1DB00321146	754	150	1	NA	LSU-missing
ITS1DB00323990	1074	146	6	NA	LSU-missing
ITS1DB00324434	763	154	1	NA	LSU-missing
ITS1DB00326912	851	149	1	NA	SSU-missing,LSU-missing
ITS1DB00328603	1372	49	1	NA	LSU-missing
ITS1DB00333456	765	149	1	NA	SSU-missing,LSU-missing
ITS1DB00333482	1118	149	-758	508	NA
ITS1DB00333485	1285	149	1	NA	LSU-missing
ITS1DB00333723	1064	155	1	NA	LSU-missing
ITS1DB00333725	867	155	1	NA	LSU-missing
ITS1DB00333726	1010	155	1	NA	LSU-missing
ITS1DB00334600	667	154	13	NA	LSU-missing
ITS1DB00335182	762	151	1	NA	LSU-missing
ITS1DB00339422	626	150	1	NA	LSU-missing
ITS1DB00340615	1339	155	3	NA	SSU-missing,LSU-missing
ITS1DB00340628	968	156	2	NA	SSU-missing,LSU-missing
ITS1DB00341861	-938	39	901	NA	LSU-missing
ITS1DB00342783	985	150	1	NA	LSU-missing
ITS1DB00343726	NA	NA	NA	NA	NA
ITS1DB00344210	NA	NA	NA	NA	NA
ITS1DB00345039	748	150	1	NA	LSU-missing
ITS1DB00345253	1202	151	1	NA	LSU-missing
ITS1DB00346193	858	155	4	NA	LSU-missing
ITS1DB00346294	1199	149	1	NA	LSU-missing
ITS1DB00347374	NA	NA	NA	NA	NA
ITS1DB00347375	NA	NA	NA	NA	NA
ITS1DB00347376	NA	NA	NA	NA	NA
ITS1DB00347377	NA	NA	NA	NA	NA
ITS1DB00349825	1487	157	1	NA	LSU-missing
ITS1DB00350619	949	151	1	NA	LSU-missing
ITS1DB00350839	930	119	1	NA	LSU-missing
ITS1DB00352853	NA	NA	NA	NA	NA
ITS1DB00352854	NA	NA	NA	NA	NA
ITS1DB00352856	NA	NA	NA	NA	NA
ITS1DB00352957	1490	154	2	NA	LSU-missing
ITS1DB00353644	636	152	1	NA	LSU-missing
ITS1DB00353794	1281	145	1	NA	SSU-missing,LSU-missing
ITS1DB00356381	622	150	1	NA	LSU-missing
ITS1DB00356729	NA	NA	NA	NA	NA
ITS1DB00356733	1833	26	-1629	NA	SSU-missing
ITS1DB00356734	1928	26	-1742	NA	SSU-missing
ITS1DB00356735	NA	NA	NA	NA	NA
ITS1DB00356740	NA	NA	NA	NA	NA
ITS1DB00356819	1052	151	1	NA	LSU-missing
ITS1DB00357358	3020	152	1	NA	LSU-missing
ITS1DB00357363	-151	1	2308	NA	5.8S_dup,LSU-missing
ITS1DB00357365	1432	151	1	NA	LSU-missing
ITS1DB00357368	1261	151	1	NA	LSU-missing
ITS1DB00357370	1752	151	1	NA	LSU-missing
ITS1DB00358392	854	153	10	NA	LSU-missing
ITS1DB00364350	775	146	1	NA	SSU-missing,LSU-missing
ITS1DB00364728	1127	151	1	NA	LSU-missing
ITS1DB00364732	1127	151	1	NA	LSU-missing
ITS1DB00364733	1127	151	1	NA	LSU-missing
ITS1DB00364734	1126	151	1	NA	LSU-missing
ITS1DB00365195	714	151	1	NA	LSU-missing
ITS1DB00368779	979	150	1	NA	SSU-missing,LSU-missing
ITS1DB00368788	971	151	1	NA	LSU-missing
ITS1DB00368790	972	151	1	NA	LSU-missing
ITS1DB00369788	753	150	1	NA	LSU-missing
ITS1DB00370773	851	65	1	NA	LSU-missing
ITS1DB00375473	NA	NA	NA	NA	NA
ITS1DB00375906	737	150	1	NA	LSU-missing
ITS1DB00376077	1385	150	1	NA	LSU-missing
ITS1DB00376512	1145	146	1	NA	LSU-missing
ITS1DB00376514	1127	145	1	NA	LSU-missing
ITS1DB00376520	1127	145	1	NA	LSU-missing
ITS1DB00376522	1127	145	1	NA	LSU-missing
ITS1DB00376524	1145	145	1	NA	LSU-missing
ITS1DB00376614	884	150	1	NA	LSU-missing
ITS1DB00376616	707	150	1	NA	LSU-missing
ITS1DB00376618	NA	NA	NA	NA	NA
ITS1DB00377054	737	150	1	NA	LSU-missing
ITS1DB00377645	-1277	152	1127	NA	LSU-missing
ITS1DB00380176	NA	NA	NA	NA	NA
ITS1DB00380514	800	151	1	NA	LSU-missing
ITS1DB00381391	992	55	1	NA	LSU-missing
ITS1DB00382982	1430	51	1	NA	LSU-missing
ITS1DB00384176	922	152	1	NA	LSU-missing
ITS1DB00385095	1260	145	1	NA	SSU-missing,LSU-missing
ITS1DB00385373	681	150	1	NA	LSU-missing
ITS1DB00385384	1087	150	1	NA	LSU-missing
ITS1DB00387439	843	149	1	NA	SSU-missing,LSU-missing
ITS1DB00387650	1032	149	1	NA	LSU-missing
ITS1DB00387652	633	149	1	NA	LSU-missing
ITS1DB00387667	629	149	1	NA	LSU-missing
ITS1DB00392928	843	65	1	NA	LSU-missing
ITS1DB00394591	771	146	1	NA	SSU-missing,LSU-missing
ITS1DB00394679	881	111	1	NA	LSU-missing
ITS1DB00395176	1106	155	4	NA	LSU-missing
ITS1DB00398969	732	155	98	NA	LSU-missing
ITS1DB00399390	909	33	1	NA	SSU-missing,LSU-missing
ITS1DB00401214	740	150	1	NA	LSU-missing
ITS1DB00402275	737	152	2	NA	LSU-missing
ITS1DB00402280	692	152	2	NA	LSU-missing
ITS1DB00402282	670	152	2	NA	LSU-missing
ITS1DB00402758	956	152	4	NA	LSU-missing
ITS1DB00404807	617	150	1	NA	LSU-missing
ITS1DB00406177	625	153	1	NA	LSU-missing
ITS1DB00406486	NA	NA	NA	NA	NA
ITS1DB00408449	1240	149	1	NA	SSU-missing,LSU-missing
ITS1DB00408730	949	151	1	NA	LSU-missing
ITS1DB00409014	2429	49	1	NA	LSU-missing
ITS1DB00409020	2035	49	1	NA	LSU-missing
ITS1DB00409667	649	150	1	NA	LSU-missing
ITS1DB00409896	752	149	1	NA	LSU-missing
ITS1DB00411176	1604	26	1	NA	LSU-missing
ITS1DB00411840	1231	147	4	NA	LSU-missing
ITS1DB00413899	1254	151	1	NA	LSU-missing
ITS1DB00414640	NA	NA	NA	NA	NA
ITS1DB00415709	1105	52	1	NA	LSU-missing
ITS1DB00415710	1080	52	1	NA	LSU-missing
ITS1DB00417108	1066	49	1	NA	LSU-missing
ITS1DB00417339	1692	151	1	NA	LSU-missing
ITS1DB00418340	1018	37	1	NA	LSU-missing
ITS1DB00418343	880	39	1	NA	LSU-missing
ITS1DB00419928	753	150	1	NA	LSU-missing
ITS1DB00420015	752	150	1	NA	LSU-missing
ITS1DB00420667	NA	NA	NA	NA	NA
ITS1DB00421006	711	150	1	NA	LSU-missing
ITS1DB00423166	939	150	1	NA	LSU-missing
ITS1DB00426524	765	151	1	NA	SSU-missing,LSU-missing
ITS1DB00426527	786	151	1	NA	SSU-missing,LSU-missing
ITS1DB00426532	764	151	1	NA	SSU-missing,LSU-missing
ITS1DB00427352	713	151	1	NA	LSU-missing
ITS1DB00428710	775	150	1	NA	LSU-missing
ITS1DB00428905	759	152	1	NA	LSU-missing
ITS1DB00429055	NA	NA	NA	NA	NA
ITS1DB00431342	1143	145	1	NA	LSU-missing
ITS1DB00431344	1126	145	1	NA	LSU-missing
ITS1DB00431350	1127	145	1	NA	LSU-missing
ITS1DB00431352	1128	145	1	NA	LSU-missing
ITS1DB00432879	876	149	1	NA	SSU-missing,LSU-missing
ITS1DB00433325	722	52	1	NA	LSU-missing
ITS1DB00433543	914	151	1	NA	LSU-missing
ITS1DB00433826	778	157	2	NA	LSU-missing
ITS1DB00433829	786	150	1	NA	LSU-missing
ITS1DB00433830	764	157	2	NA	SSU-missing,LSU-missing
ITS1DB00433834	793	150	1	NA	LSU-missing
ITS1DB00433836	766	157	2	NA	SSU-missing,LSU-missing
ITS1DB00434473	1020	149	1	NA	SSU-missing,LSU-missing
ITS1DB00434485	963	149	1	NA	SSU-missing,LSU-missing
ITS1DB00437976	737	150	1	NA	LSU-missing
ITS1DB00437979	737	150	1	NA	LSU-missing
ITS1DB00437991	737	150	1	NA	LSU-missing
ITS1DB00440233	1367	145	1	NA	SSU-missing,LSU-missing
ITS1DB00440910	887	94	1	NA	LSU-missing
ITS1DB00442478	NA	NA	NA	NA	NA
ITS1DB00444151	938	89	1	NA	LSU-missing
ITS1DB00446166	1103	145	1	NA	LSU-missing
ITS1DB00446172	1128	145	1	NA	LSU-missing
ITS1DB00446187	1131	145	1	NA	LSU-missing
ITS1DB00447322	635	150	1	NA	LSU-missing
ITS1DB00447889	671	150	1	NA	LSU-missing
ITS1DB00449029	773	150	1	NA	SSU-missing,LSU-missing
ITS1DB00449179	1022	49	1	NA	LSU-missing
ITS1DB00449864	648	150	5	NA	LSU-missing
ITS1DB00449923	811	145	1	NA	SSU-missing,LSU-missing
ITS1DB00450144	1106	149	1	NA	SSU-missing,LSU-missing
ITS1DB00452254	757	91	1	NA	LSU-missing
ITS1DB00453445	1233	145	1	NA	SSU-missing,LSU-missing
ITS1DB00453450	1815	145	1	NA	SSU-missing,LSU-missing
ITS1DB00453451	1259	145	1	NA	SSU-missing,LSU-missing
ITS1DB00456699	723	154	3	NA	LSU-missing
ITS1DB00462005	798	107	1	NA	LSU-missing
ITS1DB00462633	2087	146	1	NA	SSU-missing,LSU-missing
ITS1DB00462820	748	148	3	NA	LSU-missing
ITS1DB00464396	-22	1	950	NA	5.8S_dup,LSU-missing
ITS1DB00464414	-1232	153	1081	NA	LSU-missing
ITS1DB00464853	1125	145	1	NA	SSU-missing,LSU-missing
ITS1DB00465173	912	112	1	NA	LSU-missing
ITS1DB00466379	NA	NA	NA	NA	NA
ITS1DB00468395	746	158	3	NA	LSU-missing
ITS1DB00469113	1379	145	1	NA	SSU-missing,LSU-missing
ITS1DB00472187	1217	49	1	NA	LSU-missing
ITS1DB00472191	1208	49	1	NA	LSU-missing
ITS1DB00475916	809	150	1	NA	LSU-missing
ITS1DB00475926	818	150	1	NA	LSU-missing
ITS1DB00476444	1369	145	1	NA	SSU-missing,LSU-missing
ITS1DB00479359	863	146	1	NA	LSU-missing
ITS1DB00479376	654	152	2	NA	LSU-missing
ITS1DB00479380	1020	152	2	NA	LSU-missing
ITS1DB00481008	800	146	1	NA	SSU-missing,LSU-missing
ITS1DB00481065	1650	150	1	NA	LSU-missing
ITS1DB00481430	NA	NA	NA	771	NA
ITS1DB00482342	778	157	2	NA	LSU-missing
ITS1DB00482637	945	147	1	NA	LSU-missing
ITS1DB00483612	915	135	1	NA	LSU-missing
ITS1DB00486013	779	155	1	NA	LSU-missing
ITS1DB00487808	991	33	1	NA	SSU-missing,LSU-missing
ITS1DB00487809	1807	33	1	NA	SSU-missing,LSU-missing
ITS1DB00487814	1017	33	1	NA	SSU-missing,LSU-missing
ITS1DB00488251	707	52	1	NA	LSU-missing
ITS1DB00488291	940	151	1	NA	LSU-missing
ITS1DB00490538	1101	151	1	NA	LSU-missing
ITS1DB00492439	1026	153	1	NA	LSU-missing
ITS1DB00494428	828	153	46	NA	SSU-missing,LSU-missing
ITS1DB00494429	828	153	46	NA	SSU-missing,LSU-missing
ITS1DB00494431	841	152	47	NA	SSU-missing,LSU-missing
ITS1DB00496981	1203	157	3	NA	LSU-missing
ITS1DB00497027	926	150	1	NA	LSU-missing
ITS1DB00497028	926	150	1	NA	LSU-missing
ITS1DB00500989	867	65	1	NA	LSU-missing
ITS1DB00502248	NA	NA	NA	NA	NA
ITS1DB00504150	768	150	1	NA	SSU-missing,LSU-missing
ITS1DB00504151	767	150	1	NA	SSU-missing,LSU-missing
ITS1DB00504298	963	49	1	NA	LSU-missing
ITS1DB00504303	1071	49	1	NA	LSU-missing
ITS1DB00504470	768	146	1	NA	SSU-missing,LSU-missing
ITS1DB00506487	702	150	1	NA	LSU-missing
ITS1DB00508124	1124	151	1	NA	LSU-missing
ITS1DB00509220	1099	145	1	NA	LSU-missing
ITS1DB00510187	738	150	1	NA	LSU-missing
ITS1DB00511636	731	150	1	NA	LSU-missing
ITS1DB00512553	823	150	1	NA	LSU-missing
ITS1DB00513047	648	137	1	NA	LSU-missing
ITS1DB00514298	820	154	1	NA	LSU-missing
ITS1DB00514770	948	149	1	NA	LSU-missing
ITS1DB00518063	696	149	2	NA	LSU-missing
ITS1DB00518237	1126	151	1	NA	LSU-missing
ITS1DB00523260	697	150	1	NA	LSU-missing
ITS1DB00523526	614	152	1	NA	LSU-missing
ITS1DB00530969	NA	NA	NA	NA	NA
ITS1DB00531184	810	150	1	NA	LSU-missing
ITS1DB00533507	992	150	1	NA	SSU-missing,LSU-missing
ITS1DB00533511	977	151	1	NA	LSU-missing
ITS1DB00533515	980	151	1	NA	LSU-missing
ITS1DB00533518	999	150	1	NA	SSU-missing,LSU-missing
ITS1DB00533520	983	151	1	NA	LSU-missing
ITS1DB00534409	NA	NA	NA	NA	NA
ITS1DB00535605	-133	1	1049	NA	5.8S_dup,LSU-missing
ITS1DB00535611	866	65	1	NA	LSU-missing
ITS1DB00538196	NA	NA	NA	NA	NA
ITS1DB00539486	969	152	2	NA	LSU-missing
ITS1DB00542840	666	152	2	NA	LSU-missing
ITS1DB00547325	909	146	1	NA	SSU-missing,LSU-missing
ITS1DB00548688	715	150	1	NA	LSU-missing
ITS1DB00550365	846	151	3	NA	LSU-missing
ITS1DB00550387	631	150	1	NA	LSU-missing
ITS1DB00550864	693	150	1	NA	LSU-missing
ITS1DB00551862	NA	NA	NA	NA	NA
ITS1DB00552582	925	150	1	NA	LSU-missing
ITS1DB00552584	926	150	1	NA	LSU-missing
ITS1DB00552585	926	150	1	NA	LSU-missing
ITS1DB00553300	874	151	1	NA	LSU-missing
ITS1DB00553512	619	150	1	NA	LSU-missing
ITS1DB00553518	670	150	1	NA	LSU-missing
ITS1DB00553520	642	150	1	NA	LSU-missing
ITS1DB00553701	633	152	2	NA	LSU-missing
ITS1DB00554158	726	151	1	NA	LSU-missing
ITS1DB00555142	655	152	2	NA	LSU-missing
ITS1DB00555145	652	152	2	NA	LSU-missing
ITS1DB00555147	670	152	2	NA	LSU-missing
ITS1DB00558184	750	151	1	NA	LSU-missing
ITS1DB00559631	NA	NA	NA	NA	NA
ITS1DB00560216	444	157	319	NA	SSU-missing,LSU-missing
ITS1DB00561222	1563	151	1	NA	LSU-missing
ITS1DB00561966	NA	NA	NA	NA	NA
ITS1DB00562320	810	149	1	NA	SSU-missing,LSU-missing
ITS1DB00562649	1261	145	1	NA	SSU-missing,LSU-missing
ITS1DB00563415	843	150	1	NA	LSU-missing
ITS1DB00567780	NA	NA	NA	NA	NA
ITS1DB00572402	907	69	1	NA	LSU-missing
ITS1DB00573219	853	155	1	NA	LSU-missing
ITS1DB00573284	NA	NA	NA	NA	NA
ITS1DB00575573	657	150	1	NA	LSU-missing
ITS1DB00575576	646	150	1	NA	LSU-missing
ITS1DB00581273	1256	145	1	NA	SSU-missing,LSU-missing
ITS1DB00581289	1531	145	1	NA	SSU-missing,LSU-missing
ITS1DB00583457	NA	NA	NA	NA	NA
ITS1DB00583459	NA	NA	NA	NA	NA
ITS1DB00584081	689	150	1	NA	LSU-missing
ITS1DB00587374	1626	151	1	NA	LSU-missing
ITS1DB00587514	747	151	1	NA	LSU-missing
ITS1DB00588233	900	149	1	NA	LSU-missing
ITS1DB00589022	NA	NA	NA	NA	NA
ITS1DB00589753	816	146	1	NA	LSU-missing
ITS1DB00591968	753	150	1	NA	LSU-missing
ITS1DB00591974	752	150	1	NA	LSU-missing
ITS1DB00592961	715	151	1	NA	LSU-missing
ITS1DB00593668	NA	NA	NA	NA	NA
ITS1DB00594344	766	42	1	NA	LSU-missing
ITS1DB00595731	NA	NA	NA	NA	NA
ITS1DB00597417	898	149	1	NA	SSU-missing,LSU-missing
ITS1DB00598315	2553	151	1	NA	LSU-missing
ITS1DB00598316	1105	145	1	NA	SSU-missing,LSU-missing
ITS1DB00599547	1089	149	1	NA	LSU-missing
ITS1DB00599552	625	149	1	NA	LSU-missing
ITS1DB00603030	931	151	3	NA	LSU-missing
ITS1DB00603033	957	152	2	NA	LSU-missing
ITS1DB00603158	753	150	1	NA	LSU-missing
ITS1DB00603369	774	153	11	NA	LSU-missing
ITS1DB00604874	716	151	1	NA	LSU-missing
ITS1DB00604876	717	151	1	NA	LSU-missing
ITS1DB00605354	999	142	1	NA	SSU-missing,LSU-missing
ITS1DB00606052	1226	150	1	NA	LSU-missing
ITS1DB00607710	1132	150	1	NA	LSU-missing
ITS1DB00607730	1125	152	2	NA	LSU-missing
ITS1DB00608482	836	64	1	NA	LSU-missing
ITS1DB00609654	NA	NA	NA	NA	NA
ITS1DB00609960	802	152	1	NA	LSU-missing
ITS1DB00611279	639	152	2	NA	LSU-missing
ITS1DB00612909	NA	NA	NA	NA	NA
ITS1DB00612910	NA	NA	NA	NA	NA
ITS1DB00613643	858	65	1	NA	LSU-missing
ITS1DB00613851	1021	150	1	NA	LSU-missing
ITS1DB00617640	NA	NA	NA	NA	NA
ITS1DB00618373	650	154	2	NA	LSU-missing
ITS1DB00619470	693	152	2	NA	LSU-missing
ITS1DB00620064	616	150	1	NA	LSU-missing
ITS1DB00620065	614	150	1	NA	LSU-missing
ITS1DB00620068	616	150	1	NA	LSU-missing
ITS1DB00620892	764	150	1	NA	LSU-missing
ITS1DB00621494	NA	NA	NA	NA	NA
ITS1DB00621759	NA	NA	NA	NA	NA
ITS1DB00621781	1260	145	1	NA	SSU-missing,LSU-missing
ITS1DB00623245	653	154	2	NA	LSU-missing
ITS1DB00624101	842	155	1	NA	LSU-missing
ITS1DB00624105	836	155	1	NA	LSU-missing
ITS1DB00625249	675	147	1	NA	LSU-missing
ITS1DB00626578	1800	157	1	NA	LSU-missing
ITS1DB00626932	710	154	6	NA	LSU-missing
ITS1DB00626934	732	154	6	NA	LSU-missing
ITS1DB00628226	1383	145	1	NA	SSU-missing,LSU-missing
ITS1DB00629207	769	114	1	NA	LSU-missing
ITS1DB00629208	730	115	1	NA	LSU-missing
ITS1DB00629209	699	114	1	NA	LSU-missing
ITS1DB00629210	753	114	1	NA	LSU-missing
ITS1DB00629211	827	114	1	NA	LSU-missing
ITS1DB00629212	753	114	1	NA	LSU-missing
ITS1DB00629213	774	114	1	NA	LSU-missing
ITS1DB00631835	1283	145	1	NA	SSU-missing,LSU-missing
ITS1DB00633090	806	150	1	NA	LSU-missing
ITS1DB00633167	803	63	1	NA	LSU-missing
ITS1DB00634874	NA	NA	NA	NA	NA
ITS1DB00634876	NA	NA	NA	NA	NA
ITS1DB00635561	837	150	1	NA	LSU-missing
ITS1DB00636137	820	150	1	NA	SSU-missing,LSU-missing
ITS1DB00636737	1157	29	1	NA	LSU-missing
ITS1DB00637975	622	150	1	NA	LSU-missing
ITS1DB00637979	776	150	1	NA	LSU-missing
ITS1DB00637981	891	150	1	NA	LSU-missing
ITS1DB00640169	765	151	1	NA	LSU-missing
ITS1DB00641154	1360	145	1	NA	SSU-missing,LSU-missing
ITS1DB00642370	633	152	2	NA	LSU-missing
ITS1DB00642816	781	150	1	NA	LSU-missing
ITS1DB00643772	900	150	1	NA	SSU-missing,LSU-missing
ITS1DB00645017	763	153	2	NA	LSU-missing
ITS1DB00645316	762	112	1	NA	LSU-missing
ITS1DB00647160	NA	NA	NA	NA	NA
ITS1DB00647785	946	152	4	NA	LSU-missing
ITS1DB00654228	1255	145	1	NA	SSU-missing,LSU-missing
ITS1DB00654229	1256	145	1	NA	SSU-missing,LSU-missing
ITS1DB00655811	1613	151	1	NA	LSU-missing
ITS1DB00656470	822	150	1	NA	LSU-missing
ITS1DB00663572	1365	145	1	NA	SSU-missing,LSU-missing
ITS1DB00663581	1368	145	1	NA	SSU-missing,LSU-missing
ITS1DB00664763	931	148	3	NA	SSU-missing,LSU-missing
ITS1DB00665275	NA	NA	NA	NA	NA
ITS1DB00665898	NA	NA	NA	NA	NA
ITS1DB00665960	NA	NA	NA	NA	NA
ITS1DB00667505	856	65	1	NA	LSU-missing
ITS1DB00668332	866	150	1	NA	LSU-missing
ITS1DB00668336	707	150	1	NA	LSU-missing
ITS1DB00671158	-1373	150	1225	NA	LSU-missing
ITS1DB00672898	1238	150	1	NA	LSU-missing
ITS1DB00672901	1238	150	1	NA	LSU-missing
ITS1DB00672903	1238	150	1	NA	LSU-missing
ITS1DB00677377	3079	154	1	NA	LSU-missing
ITS1DB00680815	1086	141	1	NA	SSU-missing,LSU-missing
ITS1DB00683375	950	67	1	NA	LSU-missing
ITS1DB00685625	NA	NA	NA	NA	NA
ITS1DB00686237	828	86	1	NA	LSU-missing
ITS1DB00688100	938	151	1	NA	LSU-missing
ITS1DB00688129	1330	149	1	NA	SSU-missing,LSU-missing
ITS1DB00689640	856	65	1	NA	LSU-missing
ITS1DB00691114	NA	NA	NA	NA	NA
ITS1DB00691115	NA	NA	NA	NA	NA
ITS1DB00691116	NA	NA	NA	NA	NA
ITS1DB00691117	NA	NA	NA	NA	NA
ITS1DB00691118	NA	NA	NA	NA	NA
ITS1DB00696768	717	48	1	NA	LSU-missing
ITS1DB00698506	1320	51	1	NA	LSU-missing
ITS1DB00698609	729	150	1	NA	LSU-missing
ITS1DB00698716	NA	NA	NA	NA	NA
ITS1DB00699278	615	150	1	NA	LSU-missing
ITS1DB00701390	790	146	1	NA	SSU-missing,LSU-missing
ITS1DB00701392	861	146	1	NA	SSU-missing,LSU-missing
ITS1DB00702120	675	114	1	NA	LSU-missing
ITS1DB00702121	762	114	1	NA	LSU-missing
ITS1DB00702122	883	102	1	NA	LSU-missing
ITS1DB00702124	663	114	1	NA	LSU-missing
ITS1DB00702125	818	114	1	NA	LSU-missing
ITS1DB00702126	830	114	1	NA	LSU-missing
ITS1DB00702127	757	113	1	NA	LSU-missing
ITS1DB00703251	969	152	2	NA	LSU-missing
ITS1DB00703252	806	152	2	NA	LSU-missing
ITS1DB00704839	1314	149	1	NA	SSU-missing,LSU-missing
ITS1DB00708453	643	150	1	NA	LSU-missing
ITS1DB00709261	798	114	1	NA	LSU-missing
ITS1DB00709607	948	76	1	NA	SSU-missing,LSU-missing
ITS1DB00709608	939	76	1	NA	SSU-missing,LSU-missing
ITS1DB00709609	920	76	1	NA	SSU-missing,LSU-missing
ITS1DB00712193	901	50	1	NA	LSU-missing
ITS1DB00712696	702	152	1	NA	LSU-missing
ITS1DB00712699	711	152	1	NA	LSU-missing
ITS1DB00716409	NA	NA	NA	NA	NA
ITS1DB00716856	1366	145	1	NA	SSU-missing,LSU-missing
ITS1DB00717776	1093	145	1	NA	SSU-missing,LSU-missing
ITS1DB00724441	1245	54	1	NA	LSU-missing
ITS1DB00724560	1005	150	1	NA	LSU-missing
ITS1DB00728673	NA	NA	NA	NA	NA
ITS1DB00730515	1707	155	1	NA	LSU-missing
ITS1DB00730804	NA	NA	NA	NA	NA
ITS1DB00733245	857	54	1	NA	LSU-missing
ITS1DB00735712	640	150	1	NA	LSU-missing
ITS1DB00735894	614	150	1	NA	LSU-missing
ITS1DB00738279	869	93	1	NA	LSU-missing
ITS1DB00738583	673	150	1	NA	LSU-missing
ITS1DB00738588	693	151	1	NA	LSU-missing
ITS1DB00739950	1077	36	1	NA	SSU-missing,LSU-missing
ITS1DB00739952	1068	36	1	NA	SSU-missing,LSU-missing
ITS1DB00744397	1054	49	1	NA	LSU-missing
ITS1DB00745341	721	150	1	NA	LSU-missing
ITS1DB00745828	710	150	1	NA	LSU-missing
ITS1DB00751156	707	155	1	NA	LSU-missing
ITS1DB00751775	924	150	1	NA	SSU-missing,LSU-missing
ITS1DB00751778	732	151	1	NA	LSU-missing
ITS1DB00753130	753	150	1	NA	LSU-missing
ITS1DB00754997	999	152	2	NA	LSU-missing
ITS1DB00755028	1061	152	2	NA	LSU-missing
ITS1DB00755208	767	154	7	NA	SSU-missing,LSU-missing
ITS1DB00755210	781	154	7	NA	SSU-missing,LSU-missing
ITS1DB00755212	778	154	7	NA	SSU-missing,LSU-missing
ITS1DB00755219	768	154	7	NA	SSU-missing,LSU-missing
ITS1DB00755989	946	113	1	NA	LSU-missing
ITS1DB00755996	706	114	1	NA	LSU-missing
ITS1DB00755999	755	116	1	NA	LSU-missing
ITS1DB00756000	775	114	1	NA	LSU-missing
ITS1DB00756001	771	114	1	NA	LSU-missing
ITS1DB00756401	660	150	1	NA	LSU-missing
ITS1DB00758101	770	150	1	NA	SSU-missing,LSU-missing
ITS1DB00758359	1127	151	1	NA	LSU-missing
ITS1DB00760338	951	29	1	NA	LSU-missing
ITS1DB00761331	2458	151	1	NA	LSU-missing
ITS1DB00763568	895	91	1	NA	LSU-missing
ITS1DB00764097	769	151	1	NA	LSU-missing
ITS1DB00764099	753	151	1	NA	LSU-missing
ITS1DB00764103	782	151	1	NA	LSU-missing
ITS1DB00764105	708	151	1	NA	LSU-missing
ITS1DB00766484	1262	145	1	NA	SSU-missing,LSU-missing
ITS1DB00766688	NA	NA	NA	NA	NA
ITS1DB00767249	1282	145	1	NA	SSU-missing,LSU-missing
ITS1DB00767450	666	150	1	NA	LSU-missing
ITS1DB00768934	639	155	4	NA	LSU-missing
ITS1DB00770397	1286	150	1	NA	SSU-missing,LSU-missing
ITS1DB00770663	763	150	1	NA	SSU-missing,LSU-missing
ITS1DB00770678	664	152	1	NA	LSU-missing
ITS1DB00774603	851	150	1	NA	LSU-missing
ITS1DB00775246	1064	35	1	NA	SSU-missing,LSU-missing
ITS1DB00775637	733	150	1	NA	LSU-missing
ITS1DB00776028	999	29	1	NA	LSU-missing
ITS1DB00776356	1008	29	1	NA	LSU-missing
ITS1DB00777106	1730	151	1	NA	LSU-missing
ITS1DB00777110	1708	151	1	NA	LSU-missing
ITS1DB00777114	1680	151	1	NA	LSU-missing
ITS1DB00777118	1727	151	1	NA	LSU-missing
ITS1DB00777119	1720	153	2	NA	LSU-missing
ITS1DB00777605	NA	NA	NA	NA	NA
ITS1DB00780508	747	151	1	NA	LSU-missing
ITS1DB00780514	740	151	1	NA	LSU-missing
ITS1DB00780518	698	151	1	NA	LSU-missing
ITS1DB00780520	676	151	1	NA	LSU-missing
ITS1DB00782702	991	150	1	NA	LSU-missing
ITS1DB00784450	1467	151	1	NA	LSU-missing
ITS1DB00784733	648	151	1	NA	LSU-missing
ITS1DB00784735	648	151	1	NA	LSU-missing
ITS1DB00784777	NA	NA	NA	NA	NA
ITS1DB00784779	NA	NA	NA	NA	NA
ITS1DB00784783	NA	NA	NA	NA	NA
ITS1DB00787369	650	157	2	NA	LSU-missing
ITS1DB00787457	1176	57	1	NA	LSU-missing
ITS1DB00789869	896	134	1	NA	SSU-missing,LSU-missing
ITS1DB00792248	1074	149	1	NA	SSU-missing,LSU-missing
ITS1DB00795137	876	150	1	NA	LSU-missing
ITS1DB00798153	922	146	1	NA	SSU-missing,LSU-missing
ITS1DB00801364	1080	151	1	NA	LSU-missing
ITS1DB00801366	1030	151	1	NA	LSU-missing
ITS1DB00801719	846	155	1	NA	LSU-missing
ITS1DB00802217	758	95	1	NA	LSU-missing
ITS1DB00804718	2607	151	1	NA	LSU-missing
ITS1DB00804719	NA	NA	NA	NA	NA
ITS1DB00811930	801	152	2	NA	LSU-missing
ITS1DB00812061	1550	49	1	NA	LSU-missing
ITS1DB00812607	NA	NA	NA	NA	NA
ITS1DB00812608	NA	NA	NA	NA	NA
ITS1DB00812609	NA	NA	NA	NA	NA
ITS1DB00812610	NA	NA	NA	NA	NA
ITS1DB00812611	NA	NA	NA	NA	NA
ITS1DB00812612	NA	NA	NA	NA	NA
ITS1DB00812681	687	151	1	NA	LSU-missing
ITS1DB00814470	733	151	1	NA	LSU-missing
ITS1DB00816445	636	150	5	NA	LSU-missing
ITS1DB00818097	710	91	1	NA	LSU-missing
ITS1DB00821517	3213	150	1	NA	LSU-missing
ITS1DB00821519	3150	150	1	NA	LSU-missing
ITS1DB00822478	1378	145	1	NA	SSU-missing,LSU-missing
ITS1DB00823107	643	150	1	NA	LSU-missing
ITS1DB00824008	710	150	1	NA	LSU-missing
ITS1DB00824379	NA	NA	NA	NA	NA
ITS1DB00824380	NA	NA	NA	NA	NA
ITS1DB00824385	NA	NA	NA	NA	NA
ITS1DB00824647	785	150	5	NA	LSU-missing
ITS1DB00826471	683	113	1	NA	LSU-missing
ITS1DB00827262	NA	NA	NA	NA	NA
ITS1DB00830225	775	154	9	NA	LSU-missing
ITS1DB00830849	736	150	1	NA	LSU-missing
ITS1DB00830852	740	150	1	NA	LSU-missing
ITS1DB00831538	645	150	1	NA	LSU-missing
ITS1DB00831540	874	150	1	NA	LSU-missing
ITS1DB00831544	1024	150	1	NA	LSU-missing
ITS1DB00832956	NA	NA	NA	NA	NA
ITS1DB00832960	779	150	1	NA	LSU-missing
ITS1DB00833328	922	155	1	NA	LSU-missing
ITS1DB00834363	867	149	1	NA	SSU-missing,LSU-missing
ITS1DB00834366	919	149	1	NA	SSU-missing,LSU-missing
ITS1DB00835448	1643	151	1	NA	LSU-missing
ITS1DB00838157	711	151	1	NA	LSU-missing
ITS1DB00843814	850	55	1	NA	LSU-missing
ITS1DB00845330	740	152	1	NA	LSU-missing
ITS1DB00845336	769	150	1	NA	LSU-missing
ITS1DB00845867	757	152	1	NA	LSU-missing
ITS1DB00845869	734	152	1	NA	LSU-missing
ITS1DB00846213	724	150	5	NA	LSU-missing
ITS1DB00846392	NA	NA	NA	NA	SSU_dup
ITS1DB00846397	593	153	1	NA	LSU-missing
ITS1DB00847747	1259	145	1	NA	SSU-missing,LSU-missing
ITS1DB00847752	1259	145	1	NA	SSU-missing,LSU-missing
ITS1DB00847753	1262	145	1	NA	SSU-missing,LSU-missing
ITS1DB00850530	713	151	1	NA	LSU-missing
ITS1DB00850542	713	151	1	NA	LSU-missing
ITS1DB00851786	878	149	1	NA	SSU-missing,LSU-missing
ITS1DB00851787	944	149	1	NA	SSU-missing,LSU-missing
ITS1DB00851788	1059	149	1	NA	SSU-missing,LSU-missing
ITS1DB00851791	1101	149	1	NA	SSU-missing,LSU-missing
ITS1DB00851792	1190	149	1	NA	SSU-missing,LSU-missing
ITS1DB00852368	737	150	1	NA	LSU-missing
ITS1DB00853484	812	46	1	NA	LSU-missing
ITS1DB00853493	943	33	1	NA	LSU-missing
ITS1DB00853832	973	152	151	NA	SSU-missing,LSU-missing
ITS1DB00855739	595	153	57	NA	LSU-missing
ITS1DB00856796	1077	152	1	NA	LSU-missing
ITS1DB00856809	810	150	1	NA	LSU-missing
ITS1DB00857198	993	112	1	NA	LSU-missing
ITS1DB00857200	1402	112	1	NA	LSU-missing
ITS1DB00857202	1101	112	1	NA	LSU-missing
ITS1DB00857204	1189	112	1	NA	LSU-missing
ITS1DB00857206	792	112	1	NA	LSU-missing
ITS1DB00857208	1043	112	1	NA	LSU-missing
ITS1DB00857210	1125	112	1	NA	LSU-missing
ITS1DB00857213	1516	112	1	NA	LSU-missing
ITS1DB00860666	761	150	1	NA	LSU-missing
ITS1DB00862063	776	128	11	NA	LSU-missing
ITS1DB00867003	650	150	1	NA	LSU-missing
ITS1DB00868000	882	107	1	NA	LSU-missing
ITS1DB00868041	948	52	1	NA	LSU-missing
ITS1DB00869746	2172	154	4	NA	LSU-missing
ITS1DB00871704	1179	151	1	NA	LSU-missing
ITS1DB00873254	1106	109	1	NA	LSU-missing
ITS1DB00873364	939	150	1	NA	LSU-missing
ITS1DB00873365	843	150	1	NA	LSU-missing
ITS1DB00875358	665	150	1	NA	LSU-missing
ITS1DB00876326	942	146	1	NA	LSU-missing
ITS1DB00876556	3017	150	1	NA	LSU-missing
ITS1DB00877572	1381	145	1	NA	SSU-missing,LSU-missing
ITS1DB00878297	753	150	1	NA	LSU-missing
ITS1DB00878301	753	150	1	NA	LSU-missing
ITS1DB00878303	753	150	1	NA	LSU-missing
ITS1DB00878306	752	150	1	NA	LSU-missing
ITS1DB00878974	1127	151	1	NA	LSU-missing
ITS1DB00879684	NA	NA	NA	NA	NA
ITS1DB00879688	NA	NA	NA	NA	NA
ITS1DB00879974	764	154	7	NA	SSU-missing,LSU-missing
ITS1DB00885488	646	150	1	NA	LSU-missing
ITS1DB00885637	737	152	1	NA	LSU-missing
ITS1DB00885964	914	151	1	NA	LSU-missing
ITS1DB00887435	952	114	1	NA	LSU-missing
ITS1DB00894034	648	155	1	NA	LSU-missing
ITS1DB00895775	857	116	1	NA	SSU-missing,LSU-missing
ITS1DB00897635	1524	150	1	NA	LSU-missing
ITS1DB00899194	762	152	14	NA	LSU-missing
ITS1DB00899471	681	150	1	NA	LSU-missing
ITS1DB00899472	646	150	1	NA	LSU-missing
ITS1DB00899474	643	150	1	NA	LSU-missing
ITS1DB00901362	NA	NA	NA	NA	NA
ITS1DB00902278	903	50	1	NA	LSU-missing
ITS1DB00902374	629	151	1	NA	LSU-missing
ITS1DB00903265	755	95	1	NA	LSU-missing
ITS1DB00903266	756	95	1	NA	LSU-missing
ITS1DB00903267	758	95	1	NA	LSU-missing
ITS1DB00903268	756	95	1	NA	LSU-missing
ITS1DB00906414	674	150	5	NA	LSU-missing
ITS1DB00907022	809	155	1	NA	LSU-missing
ITS1DB00910084	NA	NA	NA	NA	NA
ITS1DB00910274	881	114	1	NA	LSU-missing
ITS1DB00911340	1201	157	1	NA	LSU-missing
ITS1DB00911630	1247	95	1	NA	LSU-missing
ITS1DB00911639	1123	95	1	NA	LSU-missing
ITS1DB00911703	1249	95	1	NA	LSU-missing
ITS1DB00911772	NA	NA	NA	NA	NA
ITS1DB00911888	1155	30	1	NA	LSU-missing
ITS1DB00912543	802	75	1	NA	LSU-missing
ITS1DB00912564	932	138	1	NA	LSU-missing
ITS1DB00912565	NA	NA	NA	NA	NA
ITS1DB00912567	828	152	4	NA	LSU-missing
ITS1DB00912573	960	152	2	NA	LSU-missing
ITS1DB00912575	795	152	2	NA	LSU-missing
ITS1DB00917160	753	150	1	NA	LSU-missing
ITS1DB00917163	753	150	1	NA	LSU-missing
ITS1DB00917166	753	150	1	NA	LSU-missing
ITS1DB00917168	753	150	1	NA	LSU-missing
ITS1DB00921089	1002	151	1	NA	LSU-missing
ITS1DB00922651	1631	32	1	NA	LSU-missing
ITS1DB00926214	1126	151	1	NA	LSU-missing
ITS1DB00926340	1018	29	1	NA	LSU-missing
ITS1DB00926342	875	29	1	NA	LSU-missing
ITS1DB00926366	915	29	1	NA	LSU-missing
ITS1DB00926390	972	29	1	NA	LSU-missing
ITS1DB00928082	708	150	1	NA	LSU-missing
ITS1DB00929179	1143	149	1	NA	SSU-missing,LSU-missing
ITS1DB00929180	1102	149	1	NA	SSU-missing,LSU-missing
ITS1DB00929181	1124	149	1	NA	SSU-missing,LSU-missing
ITS1DB00930349	979	151	1	NA	LSU-missing
ITS1DB00931320	752	150	1	NA	LSU-missing
ITS1DB00931400	654	149	1	NA	LSU-missing
ITS1DB00932072	1371	145	1	NA	SSU-missing,LSU-missing
ITS1DB00932782	753	150	1	NA	LSU-missing
ITS1DB00932783	753	150	1	NA	LSU-missing
ITS1DB00934938	1016	155	1	NA	LSU-missing
ITS1DB00936111	871	152	2	NA	LSU-missing
ITS1DB00936905	735	150	1	NA	LSU-missing
ITS1DB00937045	609	152	6	NA	LSU-missing
ITS1DB00937179	NA	NA	NA	NA	NA
ITS1DB00937182	NA	NA	NA	NA	NA
ITS1DB00938265	1127	145	1	NA	LSU-missing
ITS1DB00938280	1131	145	1	NA	LSU-missing
ITS1DB00941465	803	151	3	NA	LSU-missing
ITS1DB00941666	774	150	1	NA	LSU-missing
ITS1DB00941700	774	150	1	NA	LSU-missing
ITS1DB00943203	1004	55	1	NA	LSU-missing
ITS1DB00943966	1244	151	1	NA	LSU-missing
ITS1DB00944936	785	148	1	NA	LSU-missing
ITS1DB00947100	736	151	1	NA	LSU-missing
ITS1DB00948161	980	122	1	NA	SSU-missing,LSU-missing
ITS1DB00948163	801	147	1	NA	SSU-missing,LSU-missing
ITS1DB00948165	955	147	1	NA	SSU-missing,LSU-missing
ITS1DB00948376	643	150	1	NA	LSU-missing
ITS1DB00949032	1008	152	2	NA	LSU-missing
ITS1DB00949699	811	149	1	NA	LSU-missing
ITS1DB00949703	1160	149	1	NA	LSU-missing
ITS1DB00949707	759	149	1	NA	LSU-missing
ITS1DB00949709	1033	149	1	NA	LSU-missing
ITS1DB00949715	634	149	1	NA	LSU-missing
ITS1DB00950451	1127	145	1	NA	LSU-missing
ITS1DB00950460	1104	145	1	NA	LSU-missing
ITS1DB00950468	1126	145	1	NA	LSU-missing
ITS1DB00951636	1013	150	1	NA	LSU-missing
ITS1DB00952243	NA	NA	NA	NA	NA
ITS1DB00953426	701	113	1	NA	LSU-missing
ITS1DB00954587	825	113	1	NA	LSU-missing
ITS1DB00955593	733	150	1	NA	LSU-missing
ITS1DB00956701	1004	153	5	NA	SSU-missing,LSU-missing
ITS1DB00956703	842	157	1	NA	SSU-missing,LSU-missing
ITS1DB00956704	835	157	1	NA	SSU-missing,LSU-missing
ITS1DB00957948	775	64	1	NA	LSU-missing
ITS1DB00960950	1631	150	2	NA	LSU-missing
ITS1DB00961216	NA	NA	NA	NA	NA
ITS1DB00961217	NA	NA	NA	NA	NA
ITS1DB00961218	NA	NA	NA	NA	NA
ITS1DB00962503	817	154	1	NA	LSU-missing
ITS1DB00963160	736	150	1	NA	LSU-missing
ITS1DB00964017	837	114	1	NA	LSU-missing
ITS1DB00964085	827	102	1	NA	LSU-missing
ITS1DB00965304	871	150	1	NA	LSU-missing
ITS1DB00966297	1585	157	1	NA	LSU-missing
ITS1DB00966391	930	89	1	NA	LSU-missing
ITS1DB00966477	1314	49	1	NA	LSU-missing
ITS1DB00970151	1275	145	1	NA	SSU-missing,LSU-missing
ITS1DB00970702	NA	NA	NA	NA	NA
ITS1DB00970976	830	51	1	NA	LSU-missing
ITS1DB00972788	NA	NA	NA	NA	NA
ITS1DB00972791	NA	NA	NA	NA	NA
ITS1DB00972792	NA	NA	NA	NA	NA
ITS1DB00973054	NA	NA	NA	NA	NA
ITS1DB00977976	647	156	1	NA	LSU-missing
ITS1DB00982913	890	150	1	NA	LSU-missing
ITS1DB00982922	799	151	1	NA	LSU-missing
ITS1DB00983705	NA	NA	NA	NA	NA
ITS1DB00984154	1126	149	1	NA	SSU-missing,LSU-missing
ITS1DB00984156	1124	149	1	NA	SSU-missing,LSU-missing
ITS1DB00984157	1124	149	1	NA	SSU-missing,LSU-missing
ITS1DB00984158	1101	149	1	NA	SSU-missing,LSU-missing
ITS1DB00985494	1048	92	1	NA	LSU-missing
ITS1DB00985990	787	150	1	NA	SSU-missing,LSU-missing
ITS1DB00986387	748	150	1	NA	LSU-missing
ITS1DB00986904	-133	1	1048	NA	5.8S_dup,LSU-missing
ITS1DB00987189	-994	154	842	NA	LSU-missing
ITS1DB00993078	1105	145	1	NA	LSU-missing
ITS1DB00993082	1105	145	1	NA	LSU-missing
ITS1DB00993090	1106	145	1	NA	LSU-missing
ITS1DB00995663	1080	150	1	NA	LSU-missing
ITS1DB00995671	741	150	1	NA	LSU-missing
ITS1DB00997084	992	151	1	NA	LSU-missing
ITS1DB00998205	1111	150	1	NA	LSU-missing
ITS1DB01000967	NA	NA	NA	NA	NA
ITS1DB01002370	698	150	1	NA	LSU-missing
ITS1DB01002374	625	150	1	NA	LSU-missing
ITS1DB01002378	627	150	1	NA	LSU-missing
ITS1DB01004314	828	126	1	NA	LSU-missing
ITS1DB01004985	821	64	41	NA	SSU-missing,LSU-missing
ITS1DB01005191	635	152	2	NA	LSU-missing
ITS1DB01006879	707	155	1	NA	LSU-missing
ITS1DB01007194	-1196	31	1167	NA	LSU-missing
ITS1DB01010460	880	150	1	NA	LSU-missing
ITS1DB01011648	785	145	1	NA	SSU-missing,LSU-missing
ITS1DB01012029	736	150	1	NA	LSU-missing
ITS1DB01014870	697	150	1	NA	LSU-missing
ITS1DB01018715	632	150	1	NA	LSU-missing
ITS1DB01019437	936	152	4	NA	LSU-missing
ITS1DB01021471	1033	149	1	NA	SSU-missing,LSU-missing
ITS1DB01023635	923	107	1	NA	LSU-missing
ITS1DB01023645	882	107	1	NA	LSU-missing
ITS1DB01023647	876	107	1	NA	LSU-missing
ITS1DB01026079	909	33	1	NA	SSU-missing,LSU-missing
ITS1DB01026080	910	33	1	NA	SSU-missing,LSU-missing
ITS1DB01026389	622	150	1	NA	LSU-missing
ITS1DB01026393	629	150	1	NA	LSU-missing
ITS1DB01026397	644	150	1	NA	LSU-missing
ITS1DB01026399	616	150	1	NA	LSU-missing
ITS1DB01026401	640	150	1	NA	LSU-missing
ITS1DB01030069	1137	36	1	NA	SSU-missing,LSU-missing
ITS1DB01030417	746	149	1	NA	LSU-missing
ITS1DB01030418	1326	149	1	NA	LSU-missing
ITS1DB01031997	1006	150	4	NA	LSU-missing
ITS1DB01032249	823	150	1	NA	LSU-missing
ITS1DB01034068	2497	151	1	NA	LSU-missing
ITS1DB01034076	2688	153	1	NA	LSU-missing
ITS1DB01037672	920	150	1	NA	LSU-missing
ITS1DB01037676	842	150	1	NA	LSU-missing
ITS1DB01037689	829	150	1	NA	LSU-missing
ITS1DB01040920	-1157	154	1005	NA	LSU-missing
ITS1DB01041607	690	150	1	NA	LSU-missing
ITS1DB01042372	848	150	1	NA	SSU-missing,LSU-missing
ITS1DB01042918	1264	145	1	NA	SSU-missing,LSU-missing
ITS1DB01042967	821	150	1	NA	LSU-missing
ITS1DB01043313	710	150	1	NA	LSU-missing
ITS1DB01044588	909	146	1	NA	SSU-missing,LSU-missing
ITS1DB01045181	-1150	154	998	NA	LSU-missing
ITS1DB01048338	864	114	1	NA	LSU-missing
ITS1DB01049783	856	149	1	NA	SSU-missing,LSU-missing
ITS1DB01053778	724	156	5	NA	LSU-missing
ITS1DB01056880	819	53	1	NA	LSU-missing
ITS1DB01058409	789	148	1	NA	LSU-missing
ITS1DB01058863	1251	155	5	NA	LSU-missing
ITS1DB01058885	682	150	1	NA	LSU-missing
ITS1DB01061779	NA	NA	NA	NA	NA
ITS1DB01061958	1315	151	1	NA	SSU-missing,LSU-missing
ITS1DB01063526	701	151	1	NA	LSU-missing
ITS1DB01063528	729	151	1	NA	LSU-missing
ITS1DB01064724	851	154	11	NA	LSU-missing
ITS1DB01064726	628	154	11	NA	LSU-missing
ITS1DB01064728	641	154	11	NA	LSU-missing
ITS1DB01065923	768	150	1	NA	SSU-missing,LSU-missing
ITS1DB01065924	768	150	1	NA	SSU-missing,LSU-missing
ITS1DB01065925	766	150	1	NA	SSU-missing,LSU-missing
ITS1DB01065927	767	150	1	NA	SSU-missing,LSU-missing
ITS1DB01065928	766	150	1	NA	SSU-missing,LSU-missing
ITS1DB01066075	872	49	1	NA	LSU-missing
ITS1DB01067247	742	150	1	NA	LSU-missing
ITS1DB01068022	842	149	3	NA	LSU-missing
ITS1DB01069567	709	150	1	NA	LSU-missing
ITS1DB01070809	NA	NA	NA	NA	NA
ITS1DB01071237	862	150	1	NA	LSU-missing
ITS1DB01076338	NA	NA	NA	NA	NA
ITS1DB01081035	801	150	1	NA	LSU-missing
ITS1DB01083507	681	156	4	NA	LSU-missing
ITS1DB01084748	1079	43	1	NA	LSU-missing
ITS1DB01086529	735	151	1	NA	LSU-missing
ITS1DB01087292	NA	NA	NA	NA	NA
ITS1DB01087991	869	147	1	NA	SSU-missing,LSU-missing
ITS1DB01088023	836	147	1	NA	LSU-missing
ITS1DB01088671	629	151	1	NA	LSU-missing
ITS1DB01089475	1329	49	1	NA	LSU-missing
ITS1DB01090999	820	150	5	NA	LSU-missing
ITS1DB01091577	1128	151	1	NA	LSU-missing
ITS1DB01094289	574	46	1	NA	LSU-missing
ITS1DB01095687	NA	NA	NA	NA	NA
ITS1DB01095821	874	150	1	NA	SSU-missing,LSU-missing
ITS1DB01095823	982	151	1	NA	LSU-missing
ITS1DB01096839	867	150	1	NA	LSU-missing
ITS1DB01097219	1495	151	1	NA	LSU-missing
ITS1DB01097237	1176	151	1	NA	LSU-missing
ITS1DB01097375	613	150	1	NA	LSU-missing
ITS1DB01097376	613	150	1	NA	LSU-missing
ITS1DB01099480	904	150	1	NA	LSU-missing
ITS1DB01099876	NA	NA	NA	NA	NA
ITS1DB01102471	NA	NA	NA	NA	NA
ITS1DB01102472	NA	NA	NA	NA	NA
ITS1DB01102659	1260	145	1	NA	SSU-missing,LSU-missing
ITS1DB01105277	964	29	1	NA	LSU-missing
ITS1DB01105283	1023	29	1	NA	LSU-missing
ITS1DB01105348	1532	33	1	NA	SSU-missing,LSU-missing
ITS1DB01105350	NA	NA	NA	NA	NA
ITS1DB01105351	1545	33	1	NA	SSU-missing,LSU-missing
ITS1DB01105353	1578	33	1	NA	SSU-missing,LSU-missing
ITS1DB01105355	NA	NA	NA	NA	NA
ITS1DB01108216	1193	145	1	NA	SSU-missing,LSU-missing
ITS1DB01108217	1193	145	1	NA	SSU-missing,LSU-missing
ITS1DB01108218	1199	145	1	NA	SSU-missing,LSU-missing
ITS1DB01114423	647	150	1	NA	LSU-missing
ITS1DB01115374	1559	49	1	NA	LSU-missing
ITS1DB01116141	1110	150	1	NA	LSU-missing
ITS1DB01117243	1026	150	1	NA	SSU-missing,LSU-missing
ITS1DB01117244	880	150	1	NA	SSU-missing,LSU-missing
ITS1DB01119065	619	150	1	NA	LSU-missing
ITS1DB01121385	1097	151	1	NA	LSU-missing
ITS1DB01121752	917	152	2	NA	LSU-missing
ITS1DB01122814	776	153	7	NA	LSU-missing
ITS1DB01123796	616	150	1	NA	LSU-missing
ITS1DB01123798	619	150	1	NA	LSU-missing
ITS1DB01124226	708	150	1	NA	LSU-missing
ITS1DB01124228	710	150	1	NA	LSU-missing
ITS1DB01124683	1155	153	151	NA	LSU-missing
ITS1DB01125904	698	151	1	NA	LSU-missing
ITS1DB01125909	720	151	1	NA	LSU-missing
ITS1DB01126719	743	150	1	NA	LSU-missing
ITS1DB01126722	737	150	1	NA	LSU-missing
ITS1DB01129440	1628	33	1	NA	LSU-missing
ITS1DB01131429	799	154	2	NA	LSU-missing
ITS1DB01131449	671	154	2	NA	LSU-missing
ITS1DB01131803	NA	NA	NA	NA	NA
ITS1DB01132847	999	145	1	NA	SSU-missing,LSU-missing
ITS1DB01134318	837	149	1	NA	SSU-missing,LSU-missing
ITS1DB01134923	1014	50	1	NA	LSU-missing
ITS1DB01135009	1005	50	1	NA	LSU-missing
ITS1DB01136503	994	150	1	NA	LSU-missing
ITS1DB01136507	689	150	1	NA	LSU-missing
ITS1DB01136517	658	150	1	NA	LSU-missing
ITS1DB01141164	654	150	5	NA	LSU-missing
ITS1DB01143506	2759	144	1	NA	SSU-missing,LSU-missing
ITS1DB01145105	1307	46	1	NA	LSU-missing
ITS1DB01145338	715	150	1	NA	LSU-missing
ITS1DB01145341	812	150	1	NA	LSU-missing
ITS1DB01145343	675	150	1	NA	LSU-missing
ITS1DB01145345	755	150	1	NA	LSU-missing
ITS1DB01145349	942	150	1	NA	LSU-missing
ITS1DB01145353	668	150	1	NA	LSU-missing
ITS1DB01145355	656	150	1	NA	LSU-missing
ITS1DB01145587	NA	NA	NA	NA	NA
ITS1DB01146190	674	150	1	NA	LSU-missing
ITS1DB01146807	741	150	1	NA	LSU-missing
ITS1DB01149368	1355	145	1	NA	SSU-missing,LSU-missing
ITS1DB01150079	770	98	1	NA	LSU-missing
ITS1DB01151508	692	150	5	NA	LSU-missing
ITS1DB01154037	799	146	1	NA	SSU-missing,LSU-missing
ITS1DB01155048	1840	145	1	NA	SSU-missing,LSU-missing
ITS1DB01155049	1716	145	1	NA	SSU-missing,LSU-missing
ITS1DB01158426	NA	NA	NA	NA	NA
ITS1DB01158433	NA	NA	NA	NA	NA
ITS1DB01159977	NA	NA	NA	NA	NA
ITS1DB01164445	926	150	1	NA	LSU-missing
ITS1DB01166210	641	157	2	NA	LSU-missing
ITS1DB01166964	736	150	1	NA	LSU-missing
ITS1DB01167871	794	149	1	NA	SSU-missing,LSU-missing
ITS1DB01169086	1119	95	1	NA	LSU-missing
ITS1DB01169317	1233	145	1	NA	SSU-missing,LSU-missing
ITS1DB01169323	1484	145	1	NA	SSU-missing,LSU-missing
ITS1DB01169328	1259	145	1	NA	SSU-missing,LSU-missing
ITS1DB01169333	1262	145	1	NA	SSU-missing,LSU-missing
ITS1DB01170237	729	150	1	NA	LSU-missing
ITS1DB01170243	728	150	1	NA	LSU-missing
ITS1DB01170523	709	150	1	NA	LSU-missing
ITS1DB01170853	867	150	1	NA	LSU-missing
ITS1DB01174349	646	152	2	NA	LSU-missing
ITS1DB01174357	642	152	2	NA	LSU-missing
ITS1DB01210076	681	150	1	NA	LSU-missing
ITS1DB01224565	780	150	1	NA	LSU-missing
ITS1DB01231082	683	150	1	NA	LSU-missing
ITS1DB01237186	634	150	1	NA	LSU-missing
ITS1DB01238527	651	152	2	NA	LSU-missing
ITS1DB01269095	614	150	1	NA	LSU-missing
ITS1DB01302619	742	153	5	NA	LSU-missing
ITS1DB01305683	1583	150	1	NA	LSU-missing
ITS1DB01364703	679	158	4	NA	LSU-missing
ITS1DB01423958	633	150	1	NA	LSU-missing
ITS1DB01449446	736	150	1	NA	LSU-missing
ITS1DB01465141	NA	NA	NA	NA	NA
ITS1DB01492607	690	152	8	NA	LSU-missing
ITS1DB01517468	NA	NA	NA	NA	NA
ITS1DB01545968	703	151	1	NA	LSU-missing
ITS1DB01602736	712	155	1	NA	LSU-missing
ITS1DB01611437	674	88	1	NA	LSU-missing
ITS1DB01716518	2500	151	1	NA	LSU-missing
ITS1DB01743436	611	150	1	NA	LSU-missing
ITS1DB01754653	661	150	1	NA	LSU-missing
ITS1DB01761188	734	152	2	NA	LSU-missing
ITS1DB01783738	828	151	1	NA	LSU-missing
ITS1DB01795235	898	39	1	NA	LSU-missing
ITS1DB01796204	800	145	1	NA	LSU-missing
ITS1DB01836457	2529	151	1	NA	LSU-missing
ITS1DB01841473	610	150	1	NA	LSU-missing
ITS1DB01842545	752	151	1	NA	LSU-missing
ITS1DB01850623	655	152	2	NA	LSU-missing
ITS1DB01867767	705	150	1	NA	LSU-missing
ITS1DB01914585	819	160	1	NA	LSU-missing
ITS1DB01927971	610	150	1	NA	LSU-missing
ITS1DB01935782	757	150	1	NA	LSU-missing
ITS1DB01942305	628	149	1	NA	LSU-missing
ITS1DB01976082	775	151	1	NA	LSU-missing
ITS1DB02039300	2523	151	1	NA	LSU-missing
ITS1DB02083182	1037	151	1	NA	LSU-missing
ITS1DB02095219	724	150	1	NA	LSU-missing
ITS1DB02109623	610	150	1	NA	LSU-missing
ITS1DB02184328	855	149	1	NA	SSU-missing,LSU-missing
ITS1DB02242287	676	151	1	NA	LSU-missing
ITS1DB02247337	610	150	1	NA	LSU-missing
ITS1DB02276563	610	150	1	NA	LSU-missing
ITS1DB02280077	637	154	1	NA	LSU-missing
ITS1DB02286956	737	155	9	NA	LSU-missing
ITS1DB02313568	675	87	1	NA	LSU-missing
ITS1DB02341051	744	37	1	NA	LSU-missing
ITS1DB02376180	NA	NA	NA	NA	NA
ITS1DB02396468	788	50	1	NA	LSU-missing
ITS1DB02401806	NA	NA	NA	NA	NA
ITS1DB02411607	714	151	1	NA	LSU-missing
ITS1DB02412802	1571	151	1	NA	LSU-missing
ITS1DB02415660	NA	NA	NA	NA	NA
ITS1DB02438005	717	151	1	NA	LSU-missing
ITS1DB02439952	832	150	1	NA	LSU-missing
ITS1DB02440866	773	50	1	NA	LSU-missing
ITS1DB02459036	1461	151	1	NA	LSU-missing
ITS1DB02465163	711	151	1	NA	LSU-missing
ITS1DB02467851	1469	150	1	NA	LSU-missing
ITS1DB02468523	779	50	1	NA	LSU-missing
ITS1DB02480654	-151	1	1636	NA	5.8S_dup,LSU-missing
ITS1DB02493078	1868	151	1	NA	LSU-missing
ITS1DB02493887	1433	151	1	NA	LSU-missing
ITS1DB02547472	851	150	1	NA	LSU-missing
ITS1DB02550354	670	150	1	NA	LSU-missing
ITS1DB02565945	1450	151	1	NA	LSU-missing
ITS1DB02597561	715	151	1	NA	LSU-missing
ITS1DB02636670	1555	151	1	NA	LSU-missing
ITS1DB02695017	1489	151	1	NA	LSU-missing
ITS1DB02708396	777	50	1	NA	LSU-missing
ITS1DB02712843	740	155	1	NA	LSU-missing
ITS1DB02780933	651	150	1	NA	LSU-missing
ITS1DB02832540	1124	154	1	NA	LSU-missing
ITS1DB02833996	2010	151	1	NA	LSU-missing
ITS1DB02834056	760	157	1	NA	LSU-missing
ITS1DB02857025	1582	151	1	NA	LSU-missing
ITS1DB02891683	718	151	1	NA	LSU-missing
ITS1DB02907802	1325	151	1	NA	LSU-missing
ITS1DB02930159	1487	151	1	NA	LSU-missing
ITS1DB02939074	691	154	1	NA	LSU-missing
ITS1DB02942615	1421	151	1	NA	LSU-missing
ITS1DB02990011	1245	155	1	NA	LSU-missing
ITS1DB03034110	4289	155	1	NA	LSU-missing
ITS1DB03039443	1512	151	1	NA	LSU-missing
ITS1DB03068711	716	151	1	NA	LSU-missing
ITS1DB03076972	1456	151	1	NA	LSU-missing
ITS1DB03103262	611	155	1	NA	LSU-missing
ITS1DB03138566	-949	149	802	NA	LSU-missing
ITS1DB03158920	694	150	1	NA	LSU-missing
ITS1DB03162001	673	151	1	NA	LSU-missing
ITS1DB03169859	777	50	1	NA	LSU-missing
ITS1DB03245297	NA	NA	NA	NA	NA
ITS1DB03252945	1508	151	1	NA	LSU-missing
ITS1DB03280022	1654	151	1	NA	LSU-missing
ITS1DB03299525	634	151	2	NA	LSU-missing
ITS1DB03347190	963	155	1	NA	LSU-missing
ITS1DB03358839	1507	146	1	NA	LSU-missing
ITS1DB03370057	617	150	1	NA	LSU-missing
ITS1DB03377636	-151	1	1762	NA	5.8S_dup,LSU-missing
ITS1DB03404130	1431	151	1	NA	LSU-missing
ITS1DB03425312	670	150	1	NA	LSU-missing
ITS1DB03475275	833	50	1	NA	LSU-missing
ITS1DB03517043	1670	151	1	NA	LSU-missing
ITS1DB03552290	1396	151	1	NA	LSU-missing
ITS1DB03579923	618	150	1	NA	LSU-missing
ITS1DB03587352	853	150	1	NA	LSU-missing
ITS1DB03600885	648	154	1	NA	LSU-missing
ITS1DB03636686	1404	151	1	NA	LSU-missing
ITS1DB03637984	793	150	1	NA	LSU-missing
ITS1DB03644005	666	149	9	NA	LSU-missing
ITS1DB03644752	940	150	1	NA	LSU-missing
ITS1DB03644789	610	151	1	NA	LSU-missing
ITS1DB03647530	NA	NA	NA	NA	NA
ITS1DB03648330	NA	NA	NA	NA	NA
ITS1DB03651463	-1353	154	1201	NA	LSU-missing
ITS1DB03654679	638	153	10	NA	LSU-missing
ITS1DB03658583	938	150	1	NA	LSU-missing
ITS1DB03659690	NA	NA	NA	NA	NA
ITS1DB03661117	NA	NA	NA	NA	NA
ITS1DB03662008	624	150	1	NA	LSU-missing
ITS1DB03662428	NA	NA	NA	NA	NA
ITS1DB03662880	673	155	1	NA	LSU-missing
ITS1DB03663292	862	150	1	NA	LSU-missing
ITS1DB03664553	752	150	1	NA	LSU-missing
ITS1DB03666678	2066	149	2	NA	LSU-missing
ITS1DB03667884	NA	NA	NA	NA	NA
ITS1DB03672940	1344	151	1	NA	LSU-missing
ITS1DB03673309	1414	151	1	NA	LSU-missing
ITS1DB03673320	718	150	1	NA	LSU-missing
ITS1DB03674860	1276	151	1	NA	LSU-missing
ITS1DB03675022	1265	151	1	NA	LSU-missing
ITS1DB03678856	NA	NA	NA	NA	NA
ITS1DB03680474	604	157	2	NA	LSU-missing
ITS1DB03680810	769	150	1	NA	LSU-missing
ITS1DB03680986	NA	NA	NA	NA	NA
ITS1DB03682178	753	152	4	NA	LSU-missing
ITS1DB03682186	910	151	1	NA	LSU-missing
ITS1DB03685290	674	150	1	NA	LSU-missing
ITS1DB03686480	-151	1	983	NA	5.8S_dup,LSU-missing
ITS1DB03690974	960	150	1	NA	LSU-missing
ITS1DB03694627	881	150	1	NA	LSU-missing
ITS1DB03696812	1750	150	1	NA	LSU-missing
ITS1DB03698465	1275	151	1	NA	LSU-missing
ITS1DB03700128	NA	NA	NA	NA	NA
ITS1DB03703865	716	150	1	NA	LSU-missing
ITS1DB03704963	739	150	1	NA	LSU-missing
ITS1DB03714135	616	150	1	NA	LSU-missing
ITS1DB03717116	712	151	1	NA	LSU-missing
ITS1DB03717696	723	150	1	NA	LSU-missing
ITS1DB03717826	1167	33	1	NA	SSU-missing,LSU-missing
ITS1DB03718431	1369	143	1	NA	SSU_dup,LSU-missing
ITS1DB03719800	715	151	1	NA	LSU-missing
ITS1DB03720846	NA	NA	NA	NA	NA
ITS1DB03731169	747	150	1	NA	LSU-missing
ITS1DB03732919	619	150	1	NA	LSU-missing
ITS1DB03733826	668	149	9	NA	LSU-missing
ITS1DB03734969	725	150	1	NA	LSU-missing
ITS1DB03735484	611	150	1	NA	LSU-missing
ITS1DB03735803	623	150	1	NA	LSU-missing
ITS1DB03736542	722	150	1	NA	LSU-missing
ITS1DB03736720	856	150	1	NA	LSU-missing
ITS1DB03737742	644	150	1	NA	LSU-missing
ITS1DB03737822	737	147	4	NA	LSU-missing
ITS1DB03738975	1204	150	1	NA	LSU-missing
ITS1DB03739695	1822	155	1	NA	LSU-missing
ITS1DB03745638	861	150	1	NA	LSU-missing
ITS1DB03745898	798	150	1	NA	LSU-missing
ITS1DB03746253	NA	NA	NA	NA	NA
ITS1DB03749010	745	150	1	NA	LSU-missing
ITS1DB03755898	1096	150	1	NA	LSU-missing
ITS1DB03758867	1640	150	1	NA	LSU-missing
ITS1DB03762713	NA	NA	NA	NA	NA
ITS1DB03763722	NA	NA	NA	NA	NA
ITS1DB03765300	866	64	1	NA	LSU-missing
ITS1DB03765828	834	157	2	NA	LSU-missing
ITS1DB03766439	895	146	1	NA	SSU-missing,LSU-missing
ITS1DB03766532	664	150	1	NA	LSU-missing
ITS1DB03768791	NA	NA	NA	NA	NA
ITS1DB03769275	610	150	1	NA	LSU-missing
ITS1DB03769730	681	150	1	NA	LSU-missing
ITS1DB03773989	613	150	1	NA	LSU-missing
ITS1DB03774403	673	150	1	NA	LSU-missing
ITS1DB03776399	725	151	1	NA	LSU-missing
ITS1DB03778482	830	150	1	NA	LSU-missing
ITS1DB03779184	940	150	1	NA	LSU-missing
ITS1DB03779525	1009	112	1	NA	LSU-missing
ITS1DB03780033	NA	NA	NA	NA	NA
ITS1DB03780246	904	149	2	NA	LSU-missing
ITS1DB03790166	1168	151	1	NA	LSU-missing
ITS1DB03796018	NA	NA	NA	NA	NA
ITS1DB03802023	723	150	1	NA	LSU-missing
ITS1DB03802404	995	150	1	NA	LSU-missing
ITS1DB03803815	733	150	1	NA	LSU-missing
ITS1DB03805042	610	150	1	NA	LSU-missing
ITS1DB03808708	878	151	1	NA	LSU-missing
ITS1DB03808748	622	151	1	NA	LSU-missing
ITS1DB03809787	NA	NA	NA	NA	NA
ITS1DB03811883	NA	NA	NA	NA	NA
ITS1DB03812422	622	150	1	NA	LSU-missing
ITS1DB03812659	610	150	1	NA	LSU-missing
ITS1DB03813651	738	150	1	NA	LSU-missing
ITS1DB03814155	635	150	1	NA	LSU-missing
ITS1DB03814922	893	64	1	NA	LSU-missing
ITS1DB03815377	678	157	2	NA	LSU-missing
ITS1DB03818651	774	150	1	NA	LSU-missing
ITS1DB03819285	625	151	1	NA	LSU-missing
ITS1DB03820992	718	151	1	NA	LSU-missing
ITS1DB03821130	611	151	1	NA	LSU-missing
ITS1DB03822199	NA	NA	NA	NA	NA
ITS1DB03825084	725	150	1	NA	LSU-missing
ITS1DB03825463	671	150	1	NA	LSU-missing
ITS1DB03827071	929	143	1	NA	LSU-missing
ITS1DB03827763	652	150	1	NA	LSU-missing
ITS1DB03828246	677	151	1	NA	LSU-missing
ITS1DB03829439	938	150	1	NA	LSU-missing
ITS1DB03829744	771	150	1	NA	LSU-missing
ITS1DB03833930	1446	150	1	NA	LSU-missing
ITS1DB03838631	1156	83	1	NA	LSU-missing
ITS1DB03841439	839	150	1	NA	LSU-missing
ITS1DB03842346	616	150	1	NA	LSU-missing
ITS1DB03842570	768	150	1	NA	LSU-missing
ITS1DB03842788	931	33	1	NA	SSU-missing,LSU-missing
ITS1DB03843719	726	157	2	NA	LSU-missing
ITS1DB03844030	861	150	1	NA	LSU-missing
ITS1DB03845245	687	150	1	NA	LSU-missing
ITS1DB03848398	640	151	1	NA	LSU-missing
ITS1DB03851433	1055	33	1	NA	SSU-missing,LSU-missing
ITS1DB03851549	940	150	1	NA	LSU-missing
ITS1DB03852422	-2528	149	2381	NA	LSU-missing
ITS1DB03856231	677	150	1	NA	LSU-missing
ITS1DB03857260	737	157	2	NA	LSU-missing
ITS1DB03859838	691	157	2	NA	LSU-missing
ITS1DB03861563	751	150	1	NA	LSU-missing
ITS1DB03861580	869	150	1	NA	LSU-missing
ITS1DB03864370	747	150	1	NA	LSU-missing
ITS1DB03869138	659	150	1	NA	LSU-missing
ITS1DB03869448	714	151	1	NA	LSU-missing
ITS1DB03871727	691	150	1	NA	LSU-missing
ITS1DB03873185	651	150	1	NA	LSU-missing
ITS1DB03874013	861	150	1	NA	LSU-missing
ITS1DB03875851	642	152	7	NA	LSU-missing
ITS1DB03880001	1053	150	1	NA	LSU-missing
ITS1DB03881847	726	157	2	NA	LSU-missing
ITS1DB03882037	881	64	1	NA	LSU-missing
ITS1DB03882284	940	150	1	NA	LSU-missing
ITS1DB03896156	948	150	1	NA	LSU-missing
ITS1DB03898044	1422	155	1	NA	LSU-missing
ITS1DB03898875	789	150	1	NA	LSU-missing
ITS1DB03901596	685	150	5	NA	LSU-missing
ITS1DB03902292	824	112	1	NA	LSU-missing
ITS1DB03902449	2693	151	1	NA	LSU-missing
ITS1DB03902614	1268	151	1	NA	LSU-missing
ITS1DB03903455	668	157	2	NA	LSU-missing
ITS1DB03903638	990	150	1	NA	LSU-missing
ITS1DB03903759	680	150	1	NA	LSU-missing
ITS1DB03906564	670	150	1	NA	LSU-missing
ITS1DB03907468	NA	NA	NA	NA	NA
ITS1DB03907504	651	150	1	NA	LSU-missing
ITS1DB03907689	751	150	1	NA	LSU-missing
ITS1DB03912155	741	150	1	NA	LSU-missing
ITS1DB03912675	NA	NA	NA	NA	NA
ITS1DB03913027	NA	NA	NA	NA	NA
ITS1DB03913377	934	114	1	NA	LSU-missing
ITS1DB03915108	-3097	149	2950	NA	LSU-missing
ITS1DB03915207	940	150	1	NA	LSU-missing
ITS1DB03915254	940	150	1	NA	LSU-missing
ITS1DB03915762	616	150	1	NA	LSU-missing
ITS1DB03917184	NA	NA	NA	NA	NA
ITS1DB03918307	711	151	1	NA	LSU-missing
ITS1DB03918521	730	150	1	NA	LSU-missing
ITS1DB03919030	867	152	2	NA	LSU-missing
ITS1DB03920453	1348	151	1	NA	LSU-missing
ITS1DB03920996	NA	NA	NA	NA	NA
ITS1DB03921105	NA	NA	NA	NA	NA
ITS1DB03922597	1555	150	1	NA	LSU-missing
ITS1DB03923153	689	150	1	NA	LSU-missing
ITS1DB03924033	759	151	1	NA	LSU-missing
ITS1DB03924326	800	150	1	NA	LSU-missing
ITS1DB03929554	NA	NA	NA	NA	NA
ITS1DB03929767	2540	150	1	NA	LSU-missing
ITS1DB03931047	682	150	1	NA	LSU-missing
ITS1DB03938024	623	150	1	NA	LSU-missing
ITS1DB03938311	NA	NA	NA	NA	NA
ITS1DB03939978	657	150	1	NA	LSU-missing
ITS1DB03941585	717	151	1	NA	LSU-missing
ITS1DB03947482	726	157	2	NA	LSU-missing
ITS1DB03952781	624	150	1	NA	LSU-missing
ITS1DB03953222	1380	157	2	NA	LSU-missing
ITS1DB03953720	645	152	7	NA	LSU-missing
ITS1DB03953992	677	150	1	NA	LSU-missing
ITS1DB03956108	726	157	2	NA	LSU-missing
ITS1DB03963706	743	150	1	NA	LSU-missing
ITS1DB03968648	679	150	1	NA	LSU-missing
ITS1DB03970100	614	150	1	NA	LSU-missing
ITS1DB03970148	752	150	1	NA	LSU-missing
ITS1DB03970186	954	150	1	NA	LSU-missing
ITS1DB03971267	716	157	2	NA	LSU-missing
ITS1DB03978048	937	150	1	NA	LSU-missing
ITS1DB03978093	670	150	1	NA	LSU-missing
ITS1DB03978424	NA	NA	NA	NA	NA
ITS1DB03980216	4486	151	1	NA	LSU-missing
ITS1DB03986089	725	150	1	NA	LSU-missing
ITS1DB03986626	NA	NA	NA	NA	NA
ITS1DB03990056	1634	150	1	NA	LSU-missing
ITS1DB03990131	704	157	2	NA	LSU-missing
ITS1DB03990804	697	157	2	NA	LSU-missing
ITS1DB03992861	NA	NA	NA	NA	NA
ITS1DB03993443	819	150	1	NA	LSU-missing
ITS1DB03994067	672	155	1	NA	LSU-missing
ITS1DB03994153	905	152	2	NA	LSU-missing
ITS1DB03998650	614	150	1	NA	LSU-missing
ITS1DB04000489	785	150	1	NA	LSU-missing
ITS1DB04001928	615	150	1	NA	LSU-missing
ITS1DB04003403	738	150	1	NA	LSU-missing
ITS1DB04003697	NA	NA	NA	NA	NA
ITS1DB04008825	764	150	1	NA	LSU-missing
ITS1DB04010143	779	150	1	NA	LSU-missing
ITS1DB04012777	849	100	1	NA	LSU-missing
ITS1DB04013942	940	150	1	NA	LSU-missing
ITS1DB04015382	861	150	1	NA	LSU-missing
ITS1DB04016232	683	150	1	NA	LSU-missing
ITS1DB04017281	692	151	1	NA	LSU-missing
ITS1DB04019457	744	150	1	NA	LSU-missing
ITS1DB04019712	739	151	1	NA	LSU-missing
ITS1DB04022714	1298	150	1	NA	LSU-missing
ITS1DB04024919	678	151	1	NA	LSU-missing
ITS1DB04027749	613	151	1	NA	LSU-missing
ITS1DB04030022	613	150	1	NA	LSU-missing
ITS1DB04030211	811	112	1	NA	LSU-missing
ITS1DB04032742	751	150	1	NA	LSU-missing
ITS1DB04034191	811	150	1	NA	LSU-missing
ITS1DB04036581	1058	146	1	NA	SSU-missing,LSU-missing
ITS1DB04040762	NA	NA	NA	NA	NA
ITS1DB04041816	666	150	1	NA	LSU-missing
ITS1DB04041943	723	157	2	NA	LSU-missing
ITS1DB04042009	1274	155	1	NA	LSU-missing
ITS1DB04044441	691	150	1	NA	LSU-missing
ITS1DB04045171	688	150	1	NA	LSU-missing
ITS1DB04049662	839	150	1	NA	LSU-missing
ITS1DB04050275	1468	49	1	NA	LSU-missing
ITS1DB04051593	1160	154	1	NA	LSU-missing
ITS1DB04053832	817	150	1	NA	LSU-missing
ITS1DB04055782	NA	NA	NA	NA	NA
ITS1DB04056178	677	149	2	NA	LSU-missing
ITS1DB04060605	727	150	1	NA	LSU-missing
ITS1DB04060768	1041	146	1	NA	SSU-missing,LSU-missing
ITS1DB04062541	778	150	1	NA	LSU-missing
ITS1DB04068155	633	157	2	NA	LSU-missing
ITS1DB04070735	678	150	1	NA	LSU-missing
ITS1DB04072887	1075	150	1	NA	LSU-missing
ITS1DB04078633	707	150	1	NA	LSU-missing
ITS1DB04081062	1319	112	1	NA	LSU-missing
ITS1DB04081756	NA	NA	NA	NA	NA
ITS1DB04083237	1882	150	1	NA	LSU-missing
ITS1DB04084093	730	150	1	NA	LSU-missing
ITS1DB04086168	-1087	150	939	NA	LSU-missing
ITS1DB04088696	621	151	1	NA	LSU-missing
ITS1DB04091267	655	150	1	NA	LSU-missing
ITS1DB04092689	838	154	5	NA	LSU-missing
ITS1DB04092832	634	150	1	NA	LSU-missing
ITS1DB04093994	NA	NA	NA	NA	NA
ITS1DB04095665	2049	150	1	NA	LSU-missing
ITS1DB04096420	763	150	1	NA	LSU-missing
ITS1DB04099815	657	150	1	NA	LSU-missing
ITS1DB04099930	972	25	1	NA	SSU-missing,LSU-missing
ITS1DB04103848	891	150	1	NA	LSU-missing
ITS1DB04106971	1768	151	1	NA	LSU-missing
ITS1DB04107232	709	150	1	NA	LSU-missing
ITS1DB04110527	769	143	1	NA	LSU-missing
ITS1DB04113327	720	150	1	NA	LSU-missing
ITS1DB04114167	654	150	1	NA	LSU-missing
ITS1DB04121870	940	150	1	NA	LSU-missing
ITS1DB04123166	618	150	1	NA	LSU-missing
ITS1DB04125135	669	157	2	NA	LSU-missing
ITS1DB04125754	708	150	1	NA	LSU-missing
ITS1DB04128232	1417	150	1	NA	LSU-missing
ITS1DB04128256	NA	NA	NA	NA	NA
ITS1DB04129084	NA	NA	NA	NA	NA
ITS1DB04131271	666	152	1	NA	LSU-missing
ITS1DB04132595	800	150	1	NA	LSU-missing
ITS1DB04132834	734	150	1	NA	LSU-missing
ITS1DB04132899	861	150	1	NA	LSU-missing
ITS1DB04135400	NA	NA	NA	NA	NA
ITS1DB04137813	693	151	1	NA	LSU-missing
ITS1DB04138282	NA	NA	NA	NA	NA
ITS1DB04142525	1595	150	1	NA	LSU-missing
ITS1DB04143963	NA	NA	NA	NA	NA
ITS1DB04144015	NA	NA	NA	NA	NA
ITS1DB04145843	811	153	3	NA	LSU-missing
ITS1DB04146380	647	151	1	NA	LSU-missing
ITS1DB04147466	708	157	2	NA	LSU-missing
ITS1DB04148365	1581	155	1	NA	LSU-missing
ITS1DB04149033	759	150	1	NA	LSU-missing
ITS1DB04150897	847	150	1	NA	LSU-missing
ITS1DB04151820	668	150	1	NA	LSU-missing
ITS1DB04153862	731	150	1	NA	LSU-missing
ITS1DB04157171	NA	NA	NA	NA	NA
ITS1DB04157544	631	150	1	NA	LSU-missing
ITS1DB04159947	934	150	1	NA	LSU-missing
ITS1DB04159952	NA	NA	NA	NA	NA
ITS1DB04160112	877	155	1	NA	LSU-missing
ITS1DB04160788	NA	NA	NA	NA	NA
ITS1DB04161237	678	150	1	NA	LSU-missing
ITS1DB04161760	688	152	7	NA	LSU-missing
ITS1DB04162767	940	150	1	NA	LSU-missing
ITS1DB04166153	925	150	1	NA	LSU-missing
ITS1DB04168084	NA	NA	NA	NA	NA
ITS1DB04168900	NA	NA	NA	NA	NA
ITS1DB04173642	1681	151	1	NA	LSU-missing
ITS1DB04178992	789	150	1	NA	LSU-missing
ITS1DB04179702	688	150	1	NA	LSU-missing
ITS1DB04184202	728	150	1	NA	LSU-missing
ITS1DB04184460	662	150	1	NA	LSU-missing
ITS1DB04185289	747	150	1	NA	LSU-missing
ITS1DB04186049	2125	150	1	NA	LSU-missing
ITS1DB04187974	1380	151	1	NA	LSU-missing
ITS1DB04188343	989	151	1	NA	LSU-missing
ITS1DB04189688	744	150	1	NA	LSU-missing
ITS1DB04196251	683	152	3	NA	LSU-missing
ITS1DB04198163	926	150	1	NA	LSU-missing
ITS1DB04199188	860	150	1	NA	LSU-missing
ITS1DB04199389	707	150	1	NA	LSU-missing
ITS1DB04207394	838	150	1	NA	LSU-missing
ITS1DB04208572	733	150	1	NA	LSU-missing
ITS1DB04210780	NA	NA	NA	NA	NA
ITS1DB04212820	727	150	1	NA	LSU-missing
ITS1DB04219805	NA	NA	NA	NA	NA
ITS1DB04222125	NA	NA	NA	NA	NA
ITS1DB04226291	940	150	1	NA	LSU-missing
ITS1DB04227388	738	150	1	NA	LSU-missing
ITS1DB04227456	667	150	1	NA	LSU-missing
ITS1DB04228302	863	150	1	NA	LSU-missing
ITS1DB04229380	1470	49	1	NA	LSU-missing
ITS1DB04230706	673	150	1	NA	LSU-missing
ITS1DB04242814	724	151	1	NA	LSU-missing
ITS1DB04242871	862	150	1	NA	LSU-missing
ITS1DB04244162	638	151	1	NA	LSU-missing
ITS1DB04245171	NA	NA	NA	NA	NA
ITS1DB04245577	616	150	1	NA	LSU-missing
ITS1DB04248419	669	150	1	NA	LSU-missing
ITS1DB04249829	940	150	1	NA	LSU-missing
ITS1DB04250117	703	150	1	NA	LSU-missing
ITS1DB04251735	676	150	1	NA	LSU-missing
ITS1DB04253798	676	150	1	NA	LSU-missing
ITS1DB04255765	1194	150	1	NA	LSU-missing
ITS1DB04256960	1277	150	1	NA	LSU-missing
ITS1DB04259078	666	157	2	NA	LSU-missing
ITS1DB04262304	1628	151	1	NA	LSU-missing
ITS1DB04262391	NA	NA	NA	NA	NA
ITS1DB04264946	NA	NA	NA	NA	NA
ITS1DB04265169	962	150	1	NA	LSU-missing
ITS1DB04265708	667	150	1	NA	LSU-missing
ITS1DB04268580	649	150	5	NA	LSU-missing
ITS1DB04270185	816	150	1	NA	LSU-missing
ITS1DB04270825	624	150	1	NA	LSU-missing
ITS1DB04274304	658	150	1	NA	LSU-missing
ITS1DB04278423	660	154	3	NA	LSU-missing
ITS1DB04279863	825	150	1	NA	LSU-missing
ITS1DB04280563	757	150	1	NA	LSU-missing
ITS1DB04283453	727	157	2	NA	LSU-missing
ITS1DB04286346	727	157	2	NA	LSU-missing
ITS1DB04286623	2250	150	1	NA	LSU-missing
ITS1DB04294898	2484	151	1	NA	LSU-missing
ITS1DB04296734	688	150	1	NA	LSU-missing
ITS1DB04298001	-149	1	989	NA	5.8S_dup,LSU-missing
ITS1DB04298911	649	150	1	NA	LSU-missing
ITS1DB04300029	697	157	2	NA	LSU-missing
ITS1DB04300493	940	150	1	NA	LSU-missing
ITS1DB04300616	625	150	1	NA	LSU-missing
ITS1DB04301628	704	150	1	NA	LSU-missing
ITS1DB04304730	609	154	2	NA	LSU-missing
ITS1DB04312276	1121	151	1	NA	LSU-missing
ITS1DB04312679	747	150	1	NA	LSU-missing
ITS1DB04315170	NA	NA	NA	NA	NA
ITS1DB04316066	672	150	1	NA	LSU-missing
ITS1DB04316815	887	151	1	NA	LSU-missing
ITS1DB04317436	842	150	1	NA	LSU-missing
ITS1DB04319491	NA	NA	NA	NA	NA
ITS1DB04322730	1190	151	1	NA	LSU-missing
ITS1DB04331006	611	150	1	NA	LSU-missing
ITS1DB04335111	1145	150	1	NA	LSU-missing
ITS1DB04335319	723	157	2	NA	LSU-missing
ITS1DB04335557	887	150	1	NA	LSU-missing
ITS1DB04341499	-1527	157	1372	NA	LSU-missing
ITS1DB04343292	1466	49	1	NA	LSU-missing
ITS1DB04343435	699	157	2	NA	LSU-missing
ITS1DB04343805	1231	151	1	NA	LSU-missing
ITS1DB04346994	NA	NA	NA	NA	NA
ITS1DB04349229	892	64	1	NA	LSU-missing
ITS1DB04349243	NA	NA	NA	NA	NA
ITS1DB04352447	762	150	1	NA	LSU-missing
ITS1DB04356183	629	154	2	NA	LSU-missing
ITS1DB04360095	NA	NA	NA	NA	NA
ITS1DB04363920	848	150	1	NA	LSU-missing
ITS1DB04364569	2688	147	4	NA	SSU-missing,LSU-missing
ITS1DB04365324	790	150	1	NA	LSU-missing
ITS1DB04365715	1262	151	1	NA	LSU-missing
ITS1DB04367103	884	155	4	NA	LSU-missing
ITS1DB04368080	645	150	1	NA	LSU-missing
ITS1DB04369278	723	150	1	NA	LSU-missing
ITS1DB04372137	NA	NA	NA	NA	NA
ITS1DB04373914	NA	NA	NA	NA	NA
ITS1DB04373998	713	157	2	NA	LSU-missing
ITS1DB04374899	1102	33	1	NA	SSU-missing,LSU-missing
ITS1DB04380382	814	150	1	NA	LSU-missing
ITS1DB04380818	741	150	1	NA	LSU-missing
ITS1DB04390391	1024	33	1	NA	SSU-missing,LSU-missing
ITS1DB04391978	726	157	2	NA	LSU-missing
ITS1DB04397775	938	149	2	NA	LSU-missing
ITS1DB04398258	1614	150	1	NA	LSU-missing
ITS1DB04401614	677	150	1	NA	LSU-missing
ITS1DB04402499	738	150	1	NA	LSU-missing
ITS1DB04402642	709	151	1	NA	LSU-missing
ITS1DB04403010	826	150	1	NA	LSU-missing
ITS1DB04403118	790	150	1	NA	LSU-missing
ITS1DB04403425	719	150	1	NA	LSU-missing
ITS1DB04403547	870	150	1	NA	LSU-missing
ITS1DB04403817	1008	150	1	NA	LSU-missing
ITS1DB04404742	817	150	1	NA	LSU-missing
ITS1DB04406845	1364	150	1	NA	LSU-missing
ITS1DB04409248	688	150	1	NA	LSU-missing
ITS1DB04413719	788	150	1	NA	LSU-missing
ITS1DB04421957	940	150	1	NA	LSU-missing
ITS1DB04427077	765	150	1	NA	LSU-missing
ITS1DB04428526	940	150	1	NA	LSU-missing
ITS1DB04428577	681	150	5	NA	LSU-missing
ITS1DB04429666	640	157	2	NA	LSU-missing
ITS1DB04429971	1246	150	1	NA	LSU-missing
ITS1DB04430769	738	150	1	NA	LSU-missing
ITS1DB04437507	612	150	1	NA	LSU-missing
ITS1DB04438567	730	157	2	NA	LSU-missing
ITS1DB04444977	725	150	1	NA	LSU-missing
ITS1DB04446812	925	151	1	NA	LSU-missing
ITS1DB04448394	772	150	1	NA	LSU-missing
ITS1DB04449592	716	150	1	NA	LSU-missing
ITS1DB04452617	744	150	1	NA	LSU-missing
ITS1DB04456257	614	150	1	NA	LSU-missing
ITS1DB04456680	936	150	1	NA	LSU-missing
ITS1DB04460467	902	149	2	NA	LSU-missing
ITS1DB04461488	626	150	1	NA	LSU-missing
ITS1DB04463684	1572	150	1	NA	LSU-missing
ITS1DB04465577	694	151	1	NA	LSU-missing
ITS1DB04466543	1250	150	1	NA	LSU-missing
ITS1DB04468561	1587	83	1	NA	LSU-missing
ITS1DB04469272	1583	150	1	NA	LSU-missing
ITS1DB04471970	653	153	9	NA	LSU-missing
ITS1DB04472789	685	150	1	NA	LSU-missing
ITS1DB04477207	695	150	1	NA	LSU-missing
ITS1DB04479243	952	112	1	NA	LSU-missing
ITS1DB04480117	649	150	1	NA	LSU-missing
ITS1DB04480427	699	150	1	NA	LSU-missing
ITS1DB04484607	929	149	3	NA	LSU-missing
ITS1DB04485313	NA	NA	NA	NA	NA
ITS1DB04487371	628	150	1	NA	LSU-missing
ITS1DB04490585	866	150	1	NA	LSU-missing
ITS1DB04498307	710	150	1	NA	LSU-missing
ITS1DB04499417	754	150	1	NA	LSU-missing
ITS1DB04500893	NA	NA	NA	NA	NA
ITS1DB04505235	NA	NA	NA	NA	NA
ITS1DB04506703	913	150	1	NA	LSU-missing
ITS1DB04513595	2593	151	1	NA	LSU-missing
ITS1DB04515155	674	150	1	NA	LSU-missing
ITS1DB04516924	741	150	1	NA	LSU-missing
ITS1DB04521541	1263	151	1	NA	LSU-missing
ITS1DB04521670	4609	151	1	NA	LSU-missing
ITS1DB04522976	862	150	1	NA	LSU-missing
ITS1DB04525753	631	150	1	NA	LSU-missing
ITS1DB04528290	940	150	1	NA	LSU-missing
ITS1DB04532561	864	150	1	NA	LSU-missing
ITS1DB04537646	656	150	1	NA	LSU-missing
ITS1DB04538239	954	150	1	NA	LSU-missing
ITS1DB04550187	610	150	1	NA	LSU-missing
ITS1DB04555960	713	150	1	NA	LSU-missing
ITS1DB04556189	637	150	1	NA	LSU-missing
ITS1DB04556808	948	150	1	NA	LSU-missing
ITS1DB04558408	728	150	1	NA	LSU-missing
ITS1DB04565595	668	150	1	NA	LSU-missing
ITS1DB04565852	710	150	1	NA	LSU-missing
ITS1DB04566980	713	157	2	NA	LSU-missing
ITS1DB04569203	615	150	1	NA	LSU-missing
ITS1DB04569935	669	150	1	NA	LSU-missing
ITS1DB04576998	NA	NA	NA	NA	NA
ITS1DB04577100	610	150	1	NA	LSU-missing
ITS1DB04578082	839	150	1	NA	LSU-missing
ITS1DB04584264	662	150	1	NA	LSU-missing
ITS1DB04586886	714	151	1	NA	LSU-missing
ITS1DB04588926	696	150	1	NA	LSU-missing
ITS1DB04589473	661	150	1	NA	LSU-missing
ITS1DB04592236	617	157	2	NA	LSU-missing
ITS1DB04592432	602	157	2	NA	LSU-missing
ITS1DB04593880	737	143	1	NA	LSU-missing
ITS1DB04595821	NA	NA	NA	NA	NA
ITS1DB04597013	734	157	2	NA	LSU-missing
ITS1DB04598095	1003	150	1	NA	LSU-missing
ITS1DB04598692	NA	NA	NA	NA	NA
ITS1DB04603351	678	152	2	NA	LSU-missing
ITS1DB04604534	675	150	5	NA	LSU-missing
ITS1DB04604692	891	64	1	NA	LSU-missing
ITS1DB04605867	1304	150	1	NA	LSU-missing
ITS1DB04606403	705	150	1	NA	LSU-missing
ITS1DB04607806	851	150	1	NA	LSU-missing
ITS1DB04609737	749	150	1	NA	LSU-missing
ITS1DB04612580	923	150	1	NA	LSU-missing
ITS1DB04613883	861	150	1	NA	LSU-missing
ITS1DB04614609	726	149	2	NA	LSU-missing
ITS1DB04615462	722	150	1	NA	LSU-missing
ITS1DB04619333	646	150	1	NA	LSU-missing
ITS1DB04619971	665	150	1	NA	LSU-missing
ITS1DB04622403	655	151	1	NA	LSU-missing
ITS1DB04624246	NA	NA	NA	NA	NA
ITS1DB04627862	NA	NA	NA	NA	NA
ITS1DB04632371	3059	151	1	NA	LSU-missing
ITS1DB04633156	NA	NA	NA	NA	NA
ITS1DB04635747	787	150	1	NA	LSU-missing
ITS1DB04645727	669	150	1	NA	LSU-missing
ITS1DB04646788	713	151	1	NA	LSU-missing
ITS1DB04648695	732	150	1	NA	LSU-missing
ITS1DB04661254	739	151	1	NA	LSU-missing
ITS1DB04663405	NA	NA	NA	NA	NA
ITS1DB04665203	717	150	1	NA	LSU-missing
ITS1DB04672051	636	150	1	NA	LSU-missing
ITS1DB04679814	712	150	1	NA	LSU-missing
ITS1DB04679905	NA	NA	NA	NA	NA
ITS1DB04688766	820	150	1	NA	LSU-missing
ITS1DB04692677	645	150	1	NA	LSU-missing
ITS1DB04694851	532	81	523	NA	SSU-missing,LSU-missing
ITS1DB04703955	691	150	1	NA	LSU-missing
ITS1DB04707019	726	157	2	NA	LSU-missing
ITS1DB04707715	895	150	1	NA	LSU-missing
ITS1DB04708365	649	150	1	NA	LSU-missing
ITS1DB04708809	642	143	1	NA	LSU-missing
ITS1DB04710553	771	150	1	NA	LSU-missing
ITS1DB04712855	1414	49	1	NA	LSU-missing
ITS1DB04714307	874	150	1	NA	LSU-missing
ITS1DB04714537	2652	150	1	NA	SSU-missing,LSU-missing
ITS1DB04714965	793	150	1	NA	LSU-missing
ITS1DB04716392	832	151	1	NA	LSU-missing
ITS1DB04719232	NA	NA	NA	NA	NA
ITS1DB04720281	1162	157	2	NA	LSU-missing
ITS1DB04720449	NA	NA	NA	NA	NA
ITS1DB04722537	NA	NA	NA	NA	NA
ITS1DB04726517	NA	NA	NA	NA	NA
ITS1DB04730353	NA	NA	NA	NA	NA
ITS1DB04733033	610	150	1	NA	LSU-missing
ITS1DB04734472	NA	NA	NA	NA	NA
ITS1DB04738209	664	151	1	NA	LSU-missing
ITS1DB04739582	NA	NA	NA	NA	NA
ITS1DB04741287	1080	150	1	NA	LSU-missing
ITS1DB04743139	940	150	1	NA	LSU-missing
ITS1DB04744302	613	150	1	NA	LSU-missing
ITS1DB04750229	756	150	1	NA	LSU-missing
ITS1DB04750544	830	150	1	NA	LSU-missing
ITS1DB04755646	721	150	1	NA	LSU-missing
ITS1DB04756319	NA	NA	NA	NA	NA
ITS1DB04756642	660	150	1	NA	LSU-missing
ITS1DB04756941	683	150	1	NA	LSU-missing
ITS1DB04759196	NA	NA	NA	NA	NA
ITS1DB04759894	709	150	1	NA	LSU-missing
ITS1DB04761194	805	150	1	NA	LSU-missing
ITS1DB04763052	1235	151	1	NA	LSU-missing
ITS1DB04764985	NA	NA	NA	NA	NA
ITS1DB04766164	682	150	1	NA	LSU-missing
ITS1DB04766809	788	150	1	NA	LSU-missing
ITS1DB04766943	NA	NA	NA	NA	NA
ITS1DB04769156	1113	112	1	NA	LSU-missing
ITS1DB04771083	715	151	1	NA	LSU-missing
ITS1DB04772176	913	151	1	NA	LSU-missing
ITS1DB04772590	700	150	1	NA	LSU-missing
ITS1DB04773219	954	150	1	NA	LSU-missing
ITS1DB04787588	614	150	1	NA	LSU-missing
ITS1DB04790524	940	150	1	NA	LSU-missing
ITS1DB04793647	750	150	1	NA	LSU-missing
ITS1DB04796181	NA	NA	NA	NA	NA
ITS1DB04799434	850	150	1	NA	LSU-missing
ITS1DB04800884	NA	NA	NA	NA	NA
ITS1DB04801249	727	157	2	NA	LSU-missing
ITS1DB04801537	701	157	2	NA	LSU-missing
ITS1DB04813034	940	150	1	NA	LSU-missing
ITS1DB04813095	606	154	2	NA	LSU-missing
ITS1DB04813593	1062	150	1	NA	LSU-missing
ITS1DB04815525	940	150	1	NA	LSU-missing
ITS1DB04825228	610	150	1	NA	LSU-missing
ITS1DB04827671	940	150	1	NA	LSU-missing
ITS1DB04827882	763	150	1	NA	LSU-missing
ITS1DB04832462	NA	NA	NA	NA	NA
ITS1DB04841883	728	157	2	NA	LSU-missing
ITS1DB04844018	1419	150	1	NA	LSU-missing
ITS1DB04846396	637	150	1	NA	LSU-missing
ITS1DB04849936	901	150	1	NA	LSU-missing
ITS1DB04853836	667	150	1	NA	LSU-missing
ITS1DB04854148	811	150	1	NA	LSU-missing
ITS1DB04855359	861	150	1	NA	LSU-missing
ITS1DB04855992	655	150	1	NA	LSU-missing
ITS1DB04858849	811	151	1	NA	LSU-missing
ITS1DB04859184	1124	151	1	NA	LSU-missing
ITS1DB04860344	763	150	1	NA	LSU-missing
ITS1DB04864102	801	150	1	NA	LSU-missing
ITS1DB04864659	709	150	1	NA	LSU-missing
ITS1DB04866223	719	153	7	NA	LSU-missing
ITS1DB04868277	NA	NA	NA	NA	NA
ITS1DB04869655	648	150	1	NA	LSU-missing
ITS1DB04872011	716	150	1	NA	LSU-missing
ITS1DB04873529	610	150	1	NA	LSU-missing
ITS1DB04877883	638	150	1	NA	LSU-missing
ITS1DB04877966	785	150	1	NA	LSU-missing
ITS1DB04878283	783	150	1	NA	LSU-missing
ITS1DB04883691	610	150	1	NA	LSU-missing
ITS1DB04886345	811	150	1	NA	LSU-missing
ITS1DB04887390	778	47	1	NA	LSU-missing
ITS1DB04890749	738	150	1	NA	LSU-missing
ITS1DB04897023	680	150	1	NA	LSU-missing
ITS1DB04901020	651	150	1	NA	LSU-missing
ITS1DB04902067	619	150	1	NA	LSU-missing
ITS1DB04906011	709	157	2	NA	LSU-missing
ITS1DB04909658	687	150	1	NA	LSU-missing
ITS1DB04909840	639	150	1	NA	LSU-missing
ITS1DB04910207	NA	NA	NA	NA	NA
ITS1DB04910866	1493	150	1	NA	LSU-missing
ITS1DB04920681	712	150	1	NA	LSU-missing
ITS1DB04923929	648	150	1	NA	LSU-missing
ITS1DB04927492	630	157	2	NA	LSU-missing
ITS1DB04928573	2380	150	1	NA	LSU-missing
ITS1DB04929636	845	150	1	NA	LSU-missing
ITS1DB04931521	612	150	1	NA	LSU-missing
ITS1DB04934651	998	146	1	NA	SSU-missing,LSU-missing
ITS1DB04937691	NA	NA	NA	NA	NA
ITS1DB04939453	697	150	1	NA	LSU-missing
ITS1DB04939724	NA	NA	NA	NA	NA
ITS1DB04941375	863	150	1	NA	LSU-missing
ITS1DB04944778	832	150	1	NA	LSU-missing
ITS1DB04945189	720	150	1	NA	LSU-missing
ITS1DB04946390	927	67	1	NA	LSU-missing
ITS1DB04954199	827	112	1	NA	LSU-missing
ITS1DB04955211	NA	NA	NA	NA	NA
ITS1DB04955770	663	157	2	NA	LSU-missing
ITS1DB04959239	664	150	1	NA	LSU-missing
ITS1DB04959774	610	150	1	NA	LSU-missing
ITS1DB04959909	735	157	2	NA	LSU-missing
ITS1DB04962077	957	150	1	NA	LSU-missing
ITS1DB04962992	650	150	1	NA	LSU-missing
ITS1DB04968456	NA	NA	NA	NA	NA
ITS1DB04969778	615	150	1	NA	LSU-missing
ITS1DB04970936	610	150	1	NA	LSU-missing
ITS1DB04974227	940	150	1	NA	LSU-missing
ITS1DB04975502	774	40	1	NA	LSU-missing
ITS1DB04979231	800	150	1	NA	LSU-missing
ITS1DB04979971	988	33	1	NA	SSU-missing,LSU-missing
ITS1DB04980204	784	150	1	NA	LSU-missing
ITS1DB04982271	847	150	1	NA	LSU-missing
ITS1DB04982507	730	157	2	NA	LSU-missing
ITS1DB04985073	702	157	2	NA	LSU-missing
ITS1DB04985357	NA	NA	NA	NA	NA
ITS1DB04991025	656	150	1	NA	LSU-missing
ITS1DB04995933	915	151	1	NA	LSU-missing
ITS1DB04998507	894	64	1	NA	LSU-missing
ITS1DB05002355	1038	88	1	NA	LSU-missing
ITS1DB05007733	789	150	1	NA	LSU-missing
ITS1DB05007838	706	150	1	NA	LSU-missing
ITS1DB05011245	NA	NA	NA	NA	NA
ITS1DB05015163	679	150	1	NA	LSU-missing
ITS1DB05015322	668	157	2	NA	LSU-missing
ITS1DB05016255	NA	NA	NA	NA	NA
ITS1DB05016268	673	150	1	NA	LSU-missing
ITS1DB05022553	638	150	1	NA	LSU-missing
ITS1DB05024044	619	150	1	NA	LSU-missing
ITS1DB05025110	798	150	1	NA	LSU-missing
ITS1DB05027590	788	150	1	NA	LSU-missing
ITS1DB05027720	4512	151	1	NA	LSU-missing
ITS1DB05029863	613	150	1	NA	LSU-missing
ITS1DB05034320	NA	NA	NA	NA	NA
ITS1DB05035195	NA	NA	NA	NA	NA
ITS1DB05036234	610	150	1	NA	LSU-missing
ITS1DB05036313	940	150	1	NA	LSU-missing
ITS1DB05037322	732	150	1	NA	LSU-missing
ITS1DB05038958	710	157	2	NA	LSU-missing
ITS1DB05039392	940	150	1	NA	LSU-missing
ITS1DB05043418	NA	NA	NA	NA	NA
ITS1DB05048661	792	150	1	NA	LSU-missing
ITS1DB05056009	685	151	1	NA	LSU-missing
ITS1DB05059519	715	150	1	NA	LSU-missing
ITS1DB05060737	1652	150	1	NA	LSU-missing
ITS1DB05061302	692	151	1	NA	LSU-missing
ITS1DB05061829	NA	NA	NA	NA	NA
ITS1DB05064134	729	150	1	NA	LSU-missing
ITS1DB05067048	769	150	1	NA	LSU-missing
